Cohort,Section Y1,Midterm Y1,Final Y1,Teacher Midterm Y1,Teacher Final Y1,Section Y2,Exam Y2
1.0,1.0,,,,,1.0,97.78
1.0,2.0,,,,,2.0,95.56
1.0,1.0,,,,,1.0,95.56
1.0,1.0,,,,,1.0,94.44
1.0,1.0,,,,,1.0,93.33
1.0,1.0,,,,,1.0,93.33
1.0,1.0,,,,,1.0,93.33
1.0,1.0,,,,,1.0,92.22
1.0,1.0,,,,,1.0,92.22
1.0,2.0,,,,,2.0,91.11
1.0,1.0,,,,,1.0,90
1.0,1.0,,,,,1.0,90
1.0,1.0,,,,,1.0,90
1.0,1.0,,,,,1.0,88.89
1.0,1.0,,,,,1.0,87.78
1.0,1.0,,,,,1.0,87.78
1.0,1.0,,,,,1.0,87.78
1.0,1.0,,,,,1.0,87.78
1.0,2.0,,,,,2.0,86.67
1.0,3.0,,,,,3.0,85.56
1.0,1.0,,,,,1.0,84.44
1.0,1.0,,,,,1.0,84.44
1.0,1.0,,,,,1.0,83.33
1.0,1.0,,,,,1.0,83.33
1.0,1.0,,,,,1.0,82.22
1.0,1.0,,,,,1.0,82.22
1.0,1.0,,,,,1.0,82.22
1.0,2.0,,,,,2.0,82.22
1.0,1.0,,,,,1.0,81.11
1.0,1.0,,,,,1.0,81.11
1.0,1.0,,,,,1.0,81.11
1.0,3.0,,,,,3.0,80
1.0,1.0,,,,,1.0,80
1.0,1.0,,,,,1.0,80
1.0,3.0,,,,,3.0,77.78
1.0,1.0,,,,,1.0,77.78
1.0,3.0,,,,,3.0,77.78
1.0,3.0,,,,,3.0,77.78
1.0,1.0,,,,,1.0,77.78
1.0,2.0,,,,,2.0,76.67
1.0,3.0,,,,,3.0,76.67
1.0,1.0,,,,,1.0,76.67
1.0,3.0,,,,,3.0,74.44
1.0,1.0,,,,,1.0,74.44
1.0,1.0,,,,,1.0,74.44
1.0,3.0,,,,,3.0,74.44
1.0,1.0,,,,,1.0,73.33
1.0,2.0,,,,,2.0,73.33
1.0,1.0,,,,,1.0,73.33
1.0,1.0,,,,,1.0,72.22
1.0,2.0,,,,,2.0,71.11
1.0,1.0,,,,,1.0,71.11
1.0,2.0,,,,,2.0,71.11
1.0,2.0,,,,,2.0,71.11
1.0,3.0,,,,,3.0,71.11
1.0,1.0,,,,,1.0,70
1.0,1.0,,,,,1.0,70
1.0,2.0,,,,,2.0,67.78
1.0,3.0,,,,,3.0,67.78
1.0,2.0,,,,,2.0,66.67
1.0,1.0,,,,,1.0,66.67
1.0,2.0,,,,,2.0,65.56
1.0,1.0,,,,,1.0,64.44
1.0,1.0,,,,,1.0,63.33
1.0,2.0,,,,,2.0,63.33
1.0,1.0,,,,,1.0,63.33
1.0,1.0,,,,,1.0,63.33
1.0,2.0,,,,,2.0,62.22
1.0,2.0,,,,,2.0,62.22
1.0,2.0,,,,,2.0,62.22
1.0,1.0,,,,,1.0,62.22
1.0,2.0,,,,,2.0,61.11
1.0,3.0,,,,,3.0,61.11
1.0,3.0,,,,,3.0,61.11
1.0,3.0,,,,,3.0,61.11
1.0,3.0,,,,,3.0,61.11
1.0,2.0,,,,,2.0,60
1.0,3.0,,,,,3.0,60
1.0,3.0,,,,,3.0,60
1.0,2.0,,,,,2.0,58.89
1.0,3.0,,,,,3.0,58.89
1.0,3.0,,,,,3.0,58.89
1.0,3.0,,,,,3.0,58.89
1.0,3.0,,,,,3.0,58.89
1.0,2.0,,,,,2.0,58.89
1.0,2.0,,,,,2.0,58.89
1.0,2.0,,,,,2.0,56.67
1.0,3.0,,,,,3.0,56.67
1.0,1.0,,,,,1.0,55.56
1.0,1.0,,,,,1.0,55.56
1.0,2.0,,,,,2.0,54.44
1.0,3.0,,,,,3.0,54.44
1.0,2.0,,,,,2.0,53.33
1.0,1.0,,,,,1.0,53.33
1.0,3.0,,,,,3.0,52.22
1.0,1.0,,,,,1.0,52.22
1.0,1.0,,,,,1.0,51.11
1.0,2.0,,,,,2.0,51.11
1.0,2.0,,,,,2.0,51.11
1.0,2.0,,,,,2.0,51.11
1.0,2.0,,,,,2.0,50
1.0,3.0,,,,,3.0,50
1.0,2.0,,,,,2.0,50
1.0,3.0,,,,,3.0,50
1.0,2.0,,,,,2.0,48.89
1.0,3.0,,,,,3.0,48.89
1.0,3.0,,,,,3.0,48.89
1.0,2.0,,,,,2.0,48.89
1.0,2.0,,,,,2.0,48.89
1.0,2.0,,,,,2.0,47.78
1.0,2.0,,,,,2.0,47.78
1.0,3.0,,,,,3.0,46.67
1.0,3.0,,,,,3.0,46.67
1.0,3.0,,,,,3.0,46.67
1.0,1.0,,,,,1.0,46.67
1.0,2.0,,,,,2.0,46.67
1.0,2.0,,,,,2.0,45.56
1.0,1.0,,,,,1.0,45.56
1.0,1.0,,,,,1.0,45.56
1.0,2.0,,,,,2.0,45.56
1.0,2.0,,,,,2.0,44.44
1.0,2.0,,,,,2.0,44.44
1.0,2.0,,,,,2.0,44.44
1.0,2.0,,,,,2.0,44.44
1.0,1.0,,,,,1.0,44.44
1.0,3.0,,,,,3.0,44.44
1.0,3.0,,,,,3.0,44.44
1.0,3.0,,,,,3.0,44.44
1.0,3.0,,,,,3.0,44.44
1.0,2.0,,,,,2.0,43.33
1.0,3.0,,,,,3.0,43.33
1.0,3.0,,,,,3.0,43.33
1.0,1.0,,,,,1.0,43.33
1.0,2.0,,,,,2.0,42.22
1.0,3.0,,,,,3.0,42.22
1.0,1.0,,,,,1.0,42.22
1.0,3.0,,,,,3.0,41.11
1.0,1.0,,,,,1.0,41.11
1.0,2.0,,,,,2.0,40
1.0,3.0,,,,,3.0,40
1.0,2.0,,,,,2.0,40
1.0,2.0,,,,,2.0,40
1.0,1.0,,,,,1.0,38.89
1.0,2.0,,,,,2.0,38.89
1.0,3.0,,,,,3.0,38.89
1.0,3.0,,,,,3.0,38.89
1.0,2.0,,,,,2.0,38.89
1.0,3.0,,,,,3.0,38.89
1.0,2.0,,,,,2.0,37.78
1.0,3.0,,,,,3.0,37.78
1.0,3.0,,,,,3.0,37.78
1.0,1.0,,,,,1.0,37.78
1.0,3.0,,,,,3.0,37.78
1.0,2.0,,,,,2.0,37.78
1.0,3.0,,,,,3.0,37.78
1.0,3.0,,,,,3.0,36.67
1.0,1.0,,,,,1.0,36.67
1.0,3.0,,,,,3.0,36.67
1.0,1.0,,,,,1.0,35.56
1.0,2.0,,,,,2.0,35.56
1.0,2.0,,,,,2.0,35.56
1.0,3.0,,,,,3.0,35.56
1.0,2.0,,,,,2.0,35.56
1.0,1.0,,,,,1.0,34.44
1.0,2.0,,,,,2.0,33.33
1.0,2.0,,,,,2.0,33.33
1.0,1.0,,,,,1.0,33.33
1.0,2.0,,,,,2.0,33.33
1.0,2.0,,,,,2.0,33.33
1.0,3.0,,,,,3.0,33.33
1.0,3.0,,,,,3.0,33.33
1.0,3.0,,,,,3.0,32.22
1.0,3.0,,,,,3.0,32.22
1.0,3.0,,,,,3.0,32.22
1.0,2.0,,,,,2.0,31.11
1.0,3.0,,,,,3.0,31.11
1.0,3.0,,,,,3.0,31.11
1.0,2.0,,,,,2.0,30
1.0,1.0,,,,,1.0,30
1.0,3.0,,,,,3.0,30
1.0,3.0,,,,,3.0,30
1.0,2.0,,,,,2.0,28.89
1.0,1.0,,,,,1.0,28.89
1.0,3.0,,,,,3.0,28.89
1.0,3.0,,,,,3.0,27.78
1.0,3.0,,,,,3.0,27.78
1.0,1.0,,,,,1.0,25.56
1.0,2.0,,,,,2.0,25.56
1.0,2.0,,,,,2.0,25.56
1.0,3.0,,,,,3.0,24.44
1.0,1.0,,,,,1.0,24.44
1.0,2.0,,,,,2.0,23.33
1.0,3.0,,,,,3.0,23.33
1.0,3.0,,,,,3.0,21.11
1.0,3.0,,,,,3.0,21.11
1.0,3.0,,,,,3.0,20
1.0,1.0,,,,,1.0,17.78
1.0,1.0,,,,,1.0,15.56
1.0,3.0,,,,,3.0,14.44
1.0,2.0,,,,,2.0,Absent
1.0,3.0,,,,,3.0,Absent
2.0,2.0,28.5,42,2.0,1.0,2.0,Absent
2.0,2.0,13,9,2.0,1.0,2.0,Absent
2.0,1.0,76.5,67,2.0,1.0,1.0,92
2.0,1.0,78.5,61,2.0,1.0,1.0,92
2.0,1.0,69.5,64,2.0,1.0,1.0,91
2.0,1.0,61.5,70,2.0,1.0,1.0,91
2.0,1.0,71.5,65,2.0,1.0,1.0,91
2.0,1.0,79.5,68,2.0,1.0,1.0,90
2.0,2.0,49,50,2.0,1.0,2.0,90
2.0,1.0,72,85,2.0,1.0,1.0,90
2.0,1.0,67.5,55,2.0,1.0,1.0,90
2.0,1.0,63.5,65,2.0,1.0,1.0,89
2.0,1.0,62.5,65,2.0,1.0,1.0,88
2.0,1.0,61,58,2.0,1.0,1.0,88
2.0,1.0,56.5,61,2.0,1.0,1.0,88
2.0,1.0,75,62,2.0,1.0,1.0,87
2.0,2.0,68,63,2.0,1.0,2.0,87
2.0,1.0,67.5,61,2.0,1.0,1.0,87
2.0,3.0,60,46,2.0,1.0,3.0,87
2.0,2.0,71.5,67,2.0,1.0,2.0,86
2.0,3.0,41.5,57,2.0,1.0,3.0,86
2.0,1.0,62.5,41,2.0,1.0,1.0,86
2.0,2.0,66,55,2.0,1.0,2.0,85
2.0,3.0,76,67,2.0,1.0,3.0,84
2.0,1.0,54.5,33,2.0,1.0,1.0,84
2.0,1.0,57,56,2.0,1.0,1.0,83
2.0,1.0,62,53,2.0,1.0,1.0,83
2.0,1.0,56.5,41,2.0,1.0,1.0,83
2.0,3.0,67,51,2.0,1.0,3.0,82
2.0,1.0,56,51,2.0,1.0,1.0,82
2.0,1.0,55.5,63,2.0,1.0,1.0,82
2.0,1.0,63,55,2.0,1.0,1.0,82
2.0,3.0,67.5,53,2.0,1.0,3.0,81
2.0,1.0,54,58,2.0,1.0,1.0,81
2.0,1.0,46,39,2.0,1.0,1.0,81
2.0,1.0,67.5,29,2.0,1.0,1.0,81
2.0,1.0,50,36,2.0,1.0,1.0,81
2.0,1.0,72,60,2.0,1.0,1.0,81
2.0,3.0,46.5,48,2.0,1.0,3.0,80
2.0,1.0,70.5,67,2.0,1.0,1.0,80
2.0,1.0,63.5,66,2.0,1.0,1.0,80
2.0,1.0,59,64,2.0,1.0,1.0,80
2.0,3.0,63.5,54,2.0,1.0,3.0,79
2.0,1.0,84,73,2.0,1.0,1.0,79
2.0,1.0,53,44,2.0,1.0,1.0,79
2.0,1.0,71,69,2.0,1.0,1.0,78
2.0,1.0,50,47,2.0,1.0,1.0,78
2.0,3.0,64,55,2.0,1.0,3.0,77
2.0,3.0,49,55,2.0,1.0,3.0,77
2.0,2.0,59,64,2.0,1.0,2.0,77
2.0,2.0,30.5,22,2.0,1.0,2.0,77
2.0,3.0,43.5,46,2.0,1.0,3.0,77
2.0,3.0,39.5,53,2.0,1.0,3.0,76
2.0,2.0,70,54,2.0,1.0,2.0,75
2.0,2.0,76.5,47,2.0,1.0,2.0,75
2.0,2.0,24,47,2.0,1.0,2.0,74
2.0,3.0,29.5,51,2.0,1.0,3.0,74
2.0,2.0,48.5,52,2.0,1.0,2.0,74
2.0,1.0,26.5,32,2.0,1.0,1.0,74
2.0,1.0,74,65,2.0,1.0,1.0,73
2.0,2.0,50.5,41,2.0,1.0,2.0,72
2.0,2.0,30,28,2.0,1.0,2.0,72
2.0,1.0,52.5,70,2.0,1.0,1.0,71
2.0,2.0,48,54,2.0,1.0,2.0,71
2.0,2.0,39.5,40,2.0,1.0,2.0,71
2.0,3.0,44,54,2.0,1.0,3.0,71
2.0,1.0,48,55,2.0,1.0,1.0,71
2.0,1.0,65.5,38,2.0,1.0,1.0,70
2.0,3.0,43.5,20,2.0,1.0,3.0,70
2.0,1.0,61.5,63,2.0,1.0,1.0,70
2.0,1.0,50.5,47,2.0,1.0,1.0,70
2.0,1.0,29,36,2.0,1.0,1.0,70
2.0,3.0,59.5,56,2.0,1.0,3.0,70
2.0,1.0,35.5,43,2.0,1.0,1.0,70
2.0,1.0,36,59,2.0,1.0,1.0,70
2.0,1.0,39,29,2.0,1.0,1.0,70
2.0,3.0,53,56,2.0,1.0,3.0,69
2.0,3.0,58,60,2.0,1.0,3.0,69
2.0,3.0,67,51,2.0,1.0,3.0,69
2.0,1.0,75.5,58,2.0,1.0,1.0,69
2.0,1.0,46,35,2.0,1.0,1.0,69
2.0,2.0,37,49,2.0,1.0,2.0,69
2.0,3.0,20.5,28,2.0,1.0,3.0,68
2.0,2.0,55,59,2.0,1.0,2.0,68
2.0,3.0,42,31,2.0,1.0,3.0,68
2.0,3.0,37.5,52,2.0,1.0,3.0,68
2.0,1.0,42,31,2.0,1.0,1.0,68
2.0,2.0,34,31,2.0,1.0,2.0,68
2.0,1.0,47.5,56,2.0,1.0,1.0,67
2.0,3.0,37,47,2.0,1.0,3.0,67
2.0,1.0,55.5,58,2.0,1.0,1.0,67
2.0,1.0,45,51,2.0,1.0,1.0,67
2.0,3.0,45.5,50,2.0,1.0,3.0,67
2.0,3.0,32.5,38,2.0,1.0,3.0,65
2.0,3.0,30.5,39,2.0,1.0,3.0,65
2.0,3.0,20.5,34,2.0,1.0,3.0,65
2.0,3.0,41.5,33,2.0,1.0,3.0,65
2.0,2.0,31,41,2.0,1.0,2.0,65
2.0,2.0,42.5,64,2.0,1.0,2.0,64
2.0,3.0,31.5,28,2.0,1.0,3.0,64
2.0,2.0,38.5,40,2.0,1.0,2.0,64
2.0,1.0,32,43,2.0,1.0,1.0,64
2.0,1.0,39.5,33,2.0,1.0,1.0,64
2.0,1.0,36,37,2.0,1.0,1.0,64
2.0,2.0,38,27,2.0,1.0,2.0,64
2.0,2.0,48,58,2.0,1.0,2.0,63
2.0,3.0,50.5,41,2.0,1.0,3.0,63
2.0,3.0,23.5,34,2.0,1.0,3.0,62
2.0,3.0,48.5,39,2.0,1.0,3.0,62
2.0,2.0,41,32,2.0,1.0,2.0,62
2.0,3.0,24,40,2.0,1.0,3.0,62
2.0,1.0,30,54,2.0,1.0,1.0,61
2.0,3.0,34.5,51,2.0,1.0,3.0,61
2.0,3.0,45,54,2.0,1.0,3.0,61
2.0,1.0,41.5,38,2.0,1.0,1.0,61
2.0,3.0,21.5,22,2.0,1.0,3.0,61
2.0,1.0,65.5,47,2.0,1.0,1.0,60
2.0,1.0,47.5,52,2.0,1.0,1.0,60
2.0,2.0,31,36,2.0,1.0,2.0,60
2.0,1.0,42,37,2.0,1.0,1.0,60
2.0,2.0,72.5,58,2.0,1.0,2.0,59
2.0,2.0,37,35,2.0,1.0,2.0,59
2.0,1.0,28,28,2.0,1.0,1.0,59
2.0,1.0,23,44,2.0,1.0,1.0,59
2.0,3.0,47.5,35,2.0,1.0,3.0,59
2.0,3.0,24,19,2.0,1.0,3.0,58
2.0,2.0,30.5,51,2.0,1.0,2.0,58
2.0,2.0,23,28,2.0,1.0,2.0,58
2.0,2.0,15.5,24,2.0,1.0,2.0,58
2.0,3.0,25.5,35,2.0,1.0,3.0,58
2.0,2.0,30.5,40,2.0,1.0,2.0,57
2.0,3.0,34.5,22,2.0,1.0,3.0,57
2.0,2.0,34,40,2.0,1.0,2.0,56
2.0,2.0,29.5,35,2.0,1.0,2.0,56
2.0,2.0,26.5,35,2.0,1.0,2.0,56
2.0,3.0,23.5,21,2.0,1.0,3.0,56
2.0,3.0,18.5,22,2.0,1.0,3.0,56
2.0,2.0,31,37,2.0,1.0,2.0,55
2.0,2.0,40,44,2.0,1.0,2.0,55
2.0,3.0,47.5,47,2.0,1.0,3.0,55
2.0,1.0,33,19,2.0,1.0,1.0,55
2.0,3.0,23.5,31,2.0,1.0,3.0,54
2.0,3.0,26,23,2.0,1.0,3.0,54
2.0,3.0,42.5,47,2.0,1.0,3.0,53
2.0,2.0,27.5,32,2.0,1.0,2.0,53
2.0,1.0,58.5,50,2.0,1.0,1.0,53
2.0,1.0,40.5,38,2.0,1.0,1.0,53
2.0,3.0,42.5,42,2.0,1.0,3.0,53
2.0,3.0,51.5,53,2.0,1.0,3.0,53
2.0,1.0,60,50,2.0,1.0,1.0,53
2.0,3.0,33,46,2.0,1.0,3.0,53
2.0,3.0,45,23,2.0,1.0,3.0,52
2.0,3.0,37.5,29,2.0,1.0,3.0,52
2.0,3.0,43,53,2.0,1.0,3.0,51
2.0,2.0,35,48,2.0,1.0,2.0,51
2.0,1.0,13,26,2.0,1.0,1.0,51
2.0,3.0,18,27,2.0,1.0,3.0,50
2.0,2.0,22,29,2.0,1.0,2.0,50
2.0,3.0,43,30,2.0,1.0,3.0,50
2.0,1.0,54,54,2.0,1.0,1.0,50
2.0,2.0,24,23,2.0,1.0,2.0,49
2.0,1.0,43.5,28,2.0,1.0,1.0,49
2.0,1.0,43,46,2.0,1.0,1.0,49
2.0,3.0,29,26,2.0,1.0,3.0,49
2.0,2.0,43.5,38,2.0,1.0,2.0,49
2.0,3.0,47.5,47,2.0,1.0,3.0,48
2.0,2.0,33,42,2.0,1.0,2.0,48
2.0,2.0,27.5,19,2.0,1.0,2.0,48
2.0,2.0,22.5,36,2.0,1.0,2.0,47
2.0,2.0,21.5,32,2.0,1.0,2.0,47
2.0,2.0,29,26,2.0,1.0,2.0,47
2.0,2.0,15.5,13,2.0,1.0,2.0,47
2.0,2.0,19.5,11,2.0,1.0,2.0,47
2.0,2.0,48.5,40,2.0,1.0,2.0,46
2.0,2.0,64.5,41,2.0,1.0,2.0,46
2.0,2.0,30.5,43,2.0,1.0,2.0,46
2.0,2.0,33.5,36,2.0,1.0,2.0,46
2.0,1.0,25.5,25,2.0,1.0,1.0,46
2.0,2.0,46.5,39,2.0,1.0,2.0,45
2.0,3.0,21.5,27,2.0,1.0,3.0,45
2.0,1.0,25,24,2.0,1.0,1.0,43
2.0,3.0,42.5,35,2.0,1.0,3.0,43
2.0,3.0,30.5,28,2.0,1.0,3.0,43
2.0,2.0,18,10,2.0,1.0,2.0,43
2.0,3.0,31,18,2.0,1.0,3.0,43
2.0,3.0,25.5,34,2.0,1.0,3.0,42
2.0,2.0,32,29,2.0,1.0,2.0,42
2.0,2.0,32.5,29,2.0,1.0,2.0,41
2.0,2.0,9.5,26,2.0,1.0,2.0,41
2.0,2.0,36.5,20,2.0,1.0,2.0,41
2.0,2.0,28,21,2.0,1.0,2.0,41
2.0,3.0,11,21,2.0,1.0,3.0,40
2.0,3.0,21.5,19,2.0,1.0,3.0,40
2.0,2.0,36.5,29,2.0,1.0,2.0,40
2.0,3.0,73,52,2.0,1.0,3.0,39
2.0,3.0,30,25,2.0,1.0,3.0,39
2.0,2.0,16,20,2.0,1.0,2.0,39
2.0,3.0,17.5,15,2.0,1.0,3.0,38
2.0,2.0,17.5,17,2.0,1.0,2.0,38
2.0,2.0,22.5,34,2.0,1.0,2.0,38
2.0,2.0,28.5,40,2.0,1.0,2.0,37
2.0,2.0,31,29,2.0,1.0,2.0,37
2.0,1.0,34.5,29,2.0,1.0,1.0,37
2.0,3.0,50,50,2.0,1.0,3.0,35
2.0,2.0,24.5,24,2.0,1.0,2.0,35
2.0,2.0,27,8,2.0,1.0,2.0,34
2.0,3.0,26,15,2.0,1.0,3.0,34
2.0,3.0,41,40,2.0,1.0,3.0,33
2.0,2.0,38,29,2.0,1.0,2.0,32
2.0,2.0,19,9,2.0,1.0,2.0,32
2.0,3.0,25,36,2.0,1.0,3.0,32
2.0,2.0,11,,2.0,1.0,2.0,32
2.0,3.0,53,9,2.0,1.0,3.0,31
2.0,2.0,19.5,23,2.0,1.0,2.0,31
2.0,2.0,25,21,2.0,1.0,2.0,30
2.0,3.0,7.5,13,2.0,1.0,3.0,30
2.0,3.0,27,32,2.0,1.0,3.0,29
2.0,3.0,30.5,17,2.0,1.0,3.0,27
2.0,2.0,16.5,11,2.0,1.0,2.0,27
2.0,3.0,15.5,27,2.0,1.0,3.0,24
2.0,2.0,28,15,2.0,1.0,2.0,23
2.0,3.0,34.5,33,2.0,1.0,3.0,22
2.0,2.0,18.5,21,2.0,1.0,2.0,21
2.0,3.0,17,17,2.0,1.0,3.0,21
2.0,2.0,20.5,37,2.0,1.0,2.0,21
2.0,2.0,21.5,9,2.0,1.0,2.0,18
2.0,3.0,19,2,2.0,1.0,3.0,14
2.0,2.0,14,4,2.0,1.0,2.0,11
2.0,2.0,12,16,2.0,1.0,2.0,2
3.0,1.0,88,99,2.0,2.0,1.0,97
3.0,1.0,84.5,76.5,2.0,2.0,1.0,95
3.0,1.0,89,87.5,2.0,2.0,1.0,93
3.0,1.0,68,85.5,2.0,2.0,1.0,91
3.0,1.0,96,97,2.0,2.0,1.0,89
3.0,1.0,91,90.5,2.0,2.0,1.0,89
3.0,1.0,74.5,94,2.0,2.0,1.0,88
3.0,1.0,59.5,74.5,2.0,2.0,1.0,88
3.0,1.0,87,94.5,2.0,2.0,1.0,88
3.0,1.0,66,95.5,2.0,2.0,1.0,87
3.0,1.0,50.5,63.5,2.0,2.0,1.0,86
3.0,1.0,78,89,2.0,2.0,1.0,86
3.0,2.0,59,75.5,3.0,3.0,2.0,86
3.0,1.0,75.5,83.5,2.0,2.0,1.0,85
3.0,1.0,97,97.5,2.0,2.0,1.0,85
3.0,1.0,76,77.5,2.0,2.0,1.0,84
3.0,2.0,56.5,82,3.0,3.0,2.0,84
3.0,1.0,81,82.5,2.0,2.0,1.0,83
3.0,1.0,72,86.5,2.0,2.0,1.0,82
3.0,1.0,79,95.5,2.0,2.0,1.0,82
3.0,1.0,65,76.3,2.0,2.0,1.0,82
3.0,1.0,50,32,2.0,2.0,1.0,81
3.0,1.0,84,67,2.0,2.0,1.0,80
3.0,2.0,80.5,81.5,3.0,3.0,2.0,79
3.0,1.0,70,86,2.0,2.0,1.0,78
3.0,1.0,53.5,79,2.0,2.0,1.0,78
3.0,1.0,65.5,67,2.0,2.0,1.0,78
3.0,1.0,71,82.5,2.0,2.0,1.0,77
3.0,1.0,66.5,83,2.0,2.0,1.0,77
3.0,1.0,72,64,2.0,2.0,1.0,75
3.0,1.0,73,88,2.0,2.0,1.0,74
3.0,1.0,82.5,83.5,2.0,2.0,1.0,73
3.0,1.0,46,59.5,2.0,2.0,1.0,73
3.0,3.0,83.5,90,1.0,1.0,3.0,73
3.0,3.0,40.5,74.5,1.0,1.0,3.0,73
3.0,1.0,52,83,2.0,2.0,1.0,72
3.0,1.0,55.5,64.5,2.0,2.0,1.0,71
3.0,2.0,61.5,44.5,3.0,3.0,2.0,70
3.0,2.0,19,6.5,3.0,3.0,2.0,70
3.0,3.0,54.5,21,1.0,1.0,3.0,70
3.0,2.0,56.5,59,3.0,3.0,2.0,69
3.0,2.0,39.5,70.5,3.0,3.0,2.0,69
3.0,3.0,54,68.5,1.0,1.0,3.0,69
3.0,3.0,39,56,1.0,1.0,3.0,69
3.0,1.0,43,57,2.0,2.0,1.0,68
3.0,1.0,53.5,50,2.0,2.0,1.0,67
3.0,2.0,55,67,3.0,3.0,2.0,67
3.0,3.0,47,52,1.0,1.0,3.0,67
3.0,1.0,51,74,2.0,2.0,1.0,66
3.0,2.0,54.5,39,3.0,3.0,2.0,65
3.0,2.0,51,37.5,3.0,3.0,2.0,65
3.0,3.0,30.5,27.5,1.0,1.0,3.0,65
3.0,3.0,73.5,83,1.0,1.0,3.0,65
3.0,1.0,44,41.5,2.0,2.0,1.0,64
3.0,2.0,39.5,59,3.0,3.0,2.0,64
3.0,1.0,72.5,71.5,2.0,2.0,1.0,63
3.0,1.0,46.5,46.5,2.0,2.0,1.0,63
3.0,1.0,42.5,56.5,2.0,2.0,1.0,63
3.0,2.0,46,13.5,3.0,3.0,2.0,63
3.0,2.0,47,55.5,3.0,3.0,2.0,63
3.0,3.0,61.5,61,1.0,1.0,3.0,63
3.0,1.0,43,69.5,2.0,2.0,1.0,62
3.0,1.0,34.5,35.5,2.0,2.0,1.0,62
3.0,1.0,37,43,2.0,2.0,1.0,61
3.0,1.0,43,35,2.0,2.0,1.0,61
3.0,3.0,34.5,28,1.0,1.0,3.0,61
3.0,3.0,45,51,1.0,1.0,3.0,61
3.0,2.0,61.5,75,3.0,3.0,2.0,60
3.0,2.0,48,38,3.0,3.0,2.0,60
3.0,3.0,36.5,51,1.0,1.0,3.0,60
3.0,3.0,56,47.5,1.0,1.0,3.0,58
3.0,1.0,53,70,2.0,2.0,1.0,57
3.0,2.0,42,61,3.0,3.0,2.0,57
3.0,2.0,43.5,28.5,3.0,3.0,2.0,57
3.0,3.0,42.5,50.5,1.0,1.0,3.0,57
3.0,1.0,57.5,67.5,2.0,2.0,1.0,56
3.0,3.0,24.5,16,1.0,1.0,3.0,56
3.0,3.0,37,60,1.0,1.0,3.0,56
3.0,2.0,46.5,35.5,3.0,3.0,2.0,55
3.0,2.0,48.5,38,3.0,3.0,2.0,55
3.0,2.0,49,58,3.0,3.0,2.0,55
3.0,3.0,55,53.5,1.0,1.0,3.0,55
3.0,3.0,49,13.5,1.0,1.0,3.0,55
3.0,3.0,32.5,32.5,1.0,1.0,3.0,54
3.0,1.0,53,36,2.0,2.0,1.0,53
3.0,2.0,57,53.5,3.0,3.0,2.0,53
3.0,1.0,68,70.5,2.0,2.0,1.0,52
3.0,1.0,58,69.5,2.0,2.0,1.0,52
3.0,1.0,38,50,2.0,2.0,1.0,52
3.0,2.0,30.5,24.5,3.0,3.0,2.0,52
3.0,2.0,40,29,3.0,3.0,2.0,52
3.0,3.0,35.5,40,1.0,1.0,3.0,52
3.0,3.0,26,33.5,1.0,1.0,3.0,52
3.0,3.0,0,Absent,1.0,1.0,3.0,52
3.0,1.0,28.5,27,2.0,2.0,1.0,51
3.0,2.0,52,68,3.0,3.0,2.0,51
3.0,3.0,49.5,26.5,1.0,1.0,3.0,51
3.0,3.0,24,32.5,1.0,1.0,3.0,51
3.0,2.0,35.5,55.5,3.0,3.0,2.0,50
3.0,2.0,20,8.5,3.0,3.0,2.0,50
3.0,3.0,46.5,58,1.0,1.0,3.0,50
3.0,3.0,25.5,19,1.0,1.0,3.0,50
3.0,1.0,56.5,46.5,2.0,2.0,1.0,49
3.0,2.0,29,43,3.0,3.0,2.0,49
3.0,2.0,40.5,24.5,3.0,3.0,2.0,49
3.0,2.0,25.5,32,3.0,3.0,2.0,49
3.0,2.0,31.5,47.5,3.0,3.0,2.0,49
3.0,1.0,27,Absent,2.0,2.0,1.0,48
3.0,2.0,39.5,50.5,3.0,3.0,2.0,48
3.0,2.0,47.5,55,3.0,3.0,2.0,48
3.0,2.0,19.5,23.5,3.0,3.0,2.0,48
3.0,3.0,34,21,1.0,1.0,3.0,48
3.0,1.0,46.5,70,2.0,2.0,1.0,47
3.0,2.0,34,40,3.0,3.0,2.0,47
3.0,2.0,42.5,50,3.0,3.0,2.0,47
3.0,2.0,26,27.5,3.0,3.0,2.0,47
3.0,3.0,24.5,15,1.0,1.0,3.0,47
3.0,1.0,53.5,43.5,2.0,2.0,1.0,45
3.0,1.0,26,27.5,2.0,2.0,1.0,45
3.0,1.0,26.5,32,2.0,2.0,1.0,44
3.0,2.0,33.5,23,3.0,3.0,2.0,44
3.0,3.0,34,63,1.0,1.0,3.0,44
3.0,3.0,28.5,36,1.0,1.0,3.0,44
3.0,3.0,34,43.5,1.0,1.0,3.0,43
3.0,3.0,29,41.5,1.0,1.0,3.0,43
3.0,1.0,17.5,24.5,2.0,2.0,1.0,42
3.0,2.0,28.5,17,3.0,3.0,2.0,42
3.0,2.0,48,43,3.0,3.0,2.0,42
3.0,1.0,30.5,48,2.0,2.0,1.0,41
3.0,1.0,36,11,2.0,2.0,1.0,40
3.0,1.0,32,30,2.0,2.0,1.0,40
3.0,2.0,43,41,3.0,3.0,2.0,40
3.0,2.0,20.5,20.5,3.0,3.0,2.0,40
3.0,3.0,48.5,44,1.0,1.0,3.0,40
3.0,3.0,25.5,16,1.0,1.0,3.0,40
3.0,3.0,48.5,50,1.0,1.0,3.0,40
3.0,3.0,21,16.5,1.0,1.0,3.0,39
3.0,3.0,27.5,30.5,1.0,1.0,3.0,39
3.0,2.0,21,45,3.0,3.0,2.0,38
3.0,3.0,31,42,1.0,1.0,3.0,38
3.0,3.0,54.5,11,1.0,1.0,3.0,37
3.0,3.0,53.5,53,1.0,1.0,3.0,37
3.0,1.0,41.5,28,2.0,2.0,1.0,35
3.0,2.0,33,18.5,3.0,3.0,2.0,35
3.0,2.0,49.5,34.5,3.0,3.0,2.0,35
3.0,2.0,33,23,3.0,3.0,2.0,35
3.0,3.0,19,Absent,1.0,1.0,3.0,35
3.0,2.0,20,20.5,3.0,3.0,2.0,34
3.0,3.0,30,32,1.0,1.0,3.0,34
3.0,2.0,24,10.5,3.0,3.0,2.0,33
3.0,2.0,31.5,21.5,3.0,3.0,2.0,33
3.0,2.0,23,26,3.0,3.0,2.0,33
3.0,3.0,35,43,1.0,1.0,3.0,33
3.0,3.0,31.5,42,1.0,1.0,3.0,33
3.0,3.0,25,38.5,1.0,1.0,3.0,33
3.0,2.0,39,18,3.0,3.0,2.0,30
3.0,2.0,15,8,3.0,3.0,2.0,30
3.0,2.0,22,11,3.0,3.0,2.0,29
3.0,3.0,27.5,32,1.0,1.0,3.0,29
3.0,1.0,24,21,2.0,2.0,1.0,28
3.0,2.0,23,31,3.0,3.0,2.0,28
3.0,2.0,34,23,3.0,3.0,2.0,27
3.0,2.0,20,13,3.0,3.0,2.0,26
3.0,3.0,26,19,1.0,1.0,3.0,26
3.0,3.0,29.5,26,1.0,1.0,3.0,26
3.0,3.0,11,8.5,1.0,1.0,3.0,25
3.0,3.0,23,9,1.0,1.0,3.0,25
3.0,2.0,20,12.5,3.0,3.0,2.0,24
3.0,2.0,18,17,3.0,3.0,2.0,23
3.0,2.0,19.5,23,3.0,3.0,2.0,22
3.0,2.0,11.5,23,3.0,3.0,2.0,22
3.0,3.0,12.5,Absent,1.0,1.0,3.0,21
3.0,3.0,18,4.5,1.0,1.0,3.0,18
3.0,3.0,11,10.5,1.0,1.0,3.0,15
3.0,3.0,22.5,Absent,1.0,1.0,3.0,14
4.0,1.0,75.5,91,2.0,2.0,1.0,88.7
4.0,1.0,95.5,96.5,2.0,2.0,1.0,86
4.0,1.0,68.5,64.5,2.0,2.0,1.0,85.5
4.0,3.0,62,69,2.0,2.0,3.0,84.9
4.0,1.0,86,89,2.0,2.0,1.0,84.4
4.0,1.0,60,71,2.0,2.0,1.0,82.3
4.0,3.0,57,73,2.0,2.0,3.0,82.3
4.0,1.0,72,84.5,2.0,2.0,1.0,82.3
4.0,1.0,79.5,89,2.0,2.0,1.0,82.3
4.0,1.0,75.5,76,2.0,2.0,1.0,78.1
4.0,1.0,75,72,2.0,2.0,1.0,77.6
4.0,1.0,84,81,2.0,2.0,1.0,75.4
4.0,1.0,74.5,84.5,2.0,2.0,1.0,75.4
4.0,2.0,52,52.5,1.0,1.0,2.0,74.9
4.0,1.0,70,77.5,2.0,2.0,1.0,73.9
4.0,1.0,49.5,77,2.0,2.0,1.0,72.8
4.0,1.0,68,76.5,2.0,2.0,1.0,72.3
4.0,3.0,47.5,57.5,2.0,2.0,3.0,71.8
4.0,1.0,92,87.5,2.0,2.0,1.0,71.2
4.0,2.0,57.5,69,1.0,1.0,3.0,71.2
4.0,1.0,64.5,73.5,2.0,2.0,1.0,70.7
4.0,1.0,63,54.5,2.0,2.0,1.0,70.7
4.0,2.0,61.5,69,1.0,1.0,2.0,70.7
4.0,2.0,68,69,1.0,1.0,2.0,70.7
4.0,1.0,74.5,87.5,2.0,2.0,1.0,70.7
4.0,1.0,68,77,2.0,2.0,1.0,70.2
4.0,3.0,57,82.5,2.0,2.0,3.0,70.2
4.0,2.0,41,37,1.0,1.0,2.0,69.7
4.0,2.0,41.5,62,1.0,1.0,2.0,69.7
4.0,2.0,37,20.5,1.0,1.0,2.0,68.6
4.0,1.0,59.5,74,2.0,2.0,1.0,68.6
4.0,1.0,65,73.5,2.0,2.0,1.0,67.6
4.0,2.0,64,59.5,1.0,1.0,1.0,67.6
4.0,1.0,71.5,73,2.0,2.0,1.0,67.6
4.0,1.0,63.5,73.5,2.0,2.0,1.0,67.6
4.0,3.0,71,58.5,2.0,2.0,3.0,67
4.0,1.0,69,79.5,2.0,2.0,1.0,66.5
4.0,3.0,62,77,2.0,2.0,3.0,66.5
4.0,3.0,59,69.5,2.0,2.0,3.0,66.5
4.0,3.0,54.5,73,2.0,2.0,3.0,65.4
4.0,2.0,53,77,1.0,1.0,2.0,65.4
4.0,2.0,43.5,29.5,1.0,1.0,2.0,65.4
4.0,2.0,56.5,70.5,1.0,1.0,2.0,65.4
4.0,2.0,87,65,1.0,1.0,2.0,65.4
4.0,3.0,54.5,79.5,2.0,2.0,3.0,65.4
4.0,1.0,51,64.5,2.0,2.0,1.0,64.4
4.0,1.0,52,66.5,2.0,2.0,1.0,64.4
4.0,1.0,59,44.5,2.0,2.0,1.0,64.4
4.0,2.0,34,38.5,1.0,1.0,2.0,64.4
4.0,1.0,68,66,2.0,2.0,1.0,64.4
4.0,3.0,38,58,2.0,2.0,3.0,64.4
4.0,2.0,62,68,1.0,1.0,2.0,64.4
4.0,3.0,58,56.5,2.0,2.0,3.0,64.4
4.0,3.0,39,44.5,2.0,2.0,3.0,64.4
4.0,3.0,42.5,65,2.0,2.0,3.0,63.3
4.0,3.0,57.5,68.5,2.0,2.0,3.0,63.3
4.0,2.0,67,67.5,1.0,1.0,2.0,63.3
4.0,1.0,76.5,66,2.0,2.0,1.0,62.7
4.0,2.0,73.5,71.5,1.0,1.0,2.0,62.3
4.0,1.0,52,53.5,2.0,2.0,1.0,62.3
4.0,1.0,37.5,62.5,2.0,2.0,1.0,62.3
4.0,3.0,34.5,39,2.0,2.0,3.0,62.3
4.0,2.0,26,58,1.0,1.0,2.0,61.2
4.0,3.0,45.5,50,2.0,2.0,3.0,61.2
4.0,2.0,38,34.5,1.0,1.0,2.0,60.2
4.0,2.0,62,51.5,1.0,1.0,2.0,60.2
4.0,2.0,56,68.5,1.0,1.0,2.0,60.2
4.0,3.0,56.5,54,2.0,2.0,3.0,60.2
4.0,3.0,50,67.5,2.0,2.0,3.0,60.2
4.0,2.0,35,50.5,1.0,1.0,2.0,60.2
4.0,2.0,53,42,1.0,1.0,2.0,59.1
4.0,3.0,67,79.5,2.0,2.0,3.0,58.1
4.0,2.0,47.5,73.5,1.0,1.0,2.0,57
4.0,3.0,38,59.5,2.0,2.0,3.0,57
4.0,1.0,53.5,53.5,2.0,2.0,1.0,55.9
4.0,2.0,44,34,1.0,1.0,2.0,55.9
4.0,1.0,68,63,2.0,2.0,1.0,55.9
4.0,3.0,66,81,2.0,2.0,3.0,55.9
4.0,3.0,34.5,48.5,2.0,2.0,3.0,54.9
4.0,3.0,46.5,65,2.0,2.0,3.0,53.8
4.0,3.0,40.5,52.5,2.0,2.0,3.0,53.8
4.0,2.0,37.5,56.5,1.0,1.0,2.0,52.8
4.0,1.0,43.5,34.5,2.0,2.0,1.0,52.8
4.0,3.0,35.5,18,2.0,2.0,3.0,52.8
4.0,3.0,28.5,38.5,2.0,2.0,3.0,52.8
4.0,3.0,57,69,2.0,2.0,3.0,52.8
4.0,2.0,34.5,38,1.0,1.0,2.0,51.7
4.0,2.0,38,26.5,1.0,1.0,2.0,51.7
4.0,3.0,17,23,2.0,2.0,2.0,51.7
4.0,3.0,40,61.5,2.0,2.0,3.0,51.7
4.0,3.0,64.5,72,2.0,2.0,3.0,51.7
4.0,3.0,41.5,42.5,2.0,2.0,3.0,51.7
4.0,3.0,48,38.5,2.0,2.0,3.0,51.7
4.0,1.0,30.5,43,2.0,2.0,1.0,50.7
4.0,2.0,53,69.5,1.0,1.0,2.0,50.7
4.0,1.0,61.5,45.5,2.0,2.0,1.0,50.7
4.0,3.0,40.5,57,2.0,2.0,3.0,50.7
4.0,1.0,55,72.5,2.0,2.0,1.0,49.6
4.0,3.0,32,43.5,2.0,2.0,3.0,49.6
4.0,2.0,47.5,53.5,1.0,1.0,2.0,49.6
4.0,3.0,33.5,45.5,2.0,2.0,3.0,49.6
4.0,2.0,19,30.5,1.0,1.0,2.0,49.6
4.0,3.0,Absent,Absent,2.0,2.0,3.0,49.6
4.0,2.0,47,55,1.0,1.0,2.0,48.6
4.0,2.0,31,38.5,1.0,1.0,2.0,48.6
4.0,2.0,32.5,45.5,1.0,1.0,1.0,48.6
4.0,3.0,45,54.5,2.0,2.0,3.0,48.6
4.0,1.0,45,45,2.0,2.0,1.0,47.5
4.0,3.0,47,64,2.0,2.0,3.0,47.5
4.0,2.0,15,10,1.0,1.0,2.0,46.4
4.0,1.0,55.5,53.5,2.0,2.0,1.0,46.4
4.0,1.0,42,51,2.0,2.0,1.0,46.4
4.0,3.0,22.5,22,2.0,2.0,3.0,46.4
4.0,2.0,13.5,9.5,1.0,1.0,2.0,45.4
4.0,2.0,35.5,25.5,1.0,1.0,2.0,44.3
4.0,3.0,26.5,50.5,2.0,2.0,1.0,44.3
4.0,2.0,32,58.5,1.0,1.0,2.0,44.3
4.0,1.0,47,60,2.0,2.0,1.0,44.3
4.0,3.0,30.5,64.5,2.0,2.0,3.0,44.3
4.0,2.0,,,,,2.0,44.3
4.0,2.0,26.5,54,1.0,1.0,2.0,44.3
4.0,3.0,25.5,30,2.0,2.0,3.0,44.3
4.0,2.0,32.5,43.5,1.0,1.0,2.0,43.3
4.0,3.0,15,16,2.0,2.0,3.0,43.3
4.0,2.0,35,39,1.0,1.0,2.0,43.3
4.0,3.0,41.5,56,2.0,2.0,3.0,43.3
4.0,1.0,18.5,25,2.0,2.0,1.0,42.2
4.0,1.0,23.5,39.5,2.0,2.0,1.0,42.2
4.0,3.0,18,31,2.0,2.0,3.0,42.2
4.0,3.0,39.5,39,2.0,2.0,3.0,42.2
4.0,2.0,31,14.5,1.0,1.0,2.0,41.2
4.0,3.0,20,12.5,2.0,2.0,3.0,41.2
4.0,3.0,33,43,2.0,2.0,3.0,41.2
4.0,2.0,33.5,14,1.0,1.0,2.0,40.1
4.0,2.0,47,33,1.0,1.0,2.0,40.1
4.0,1.0,36.5,39.5,2.0,2.0,1.0,40.1
4.0,3.0,20,57,2.0,2.0,3.0,40.1
4.0,3.0,20.5,33.5,2.0,2.0,3.0,40.1
4.0,2.0,14,27,1.0,1.0,2.0,39.1
4.0,2.0,29,35.5,1.0,1.0,2.0,39.1
4.0,2.0,23.5,15,1.0,1.0,2.0,38
4.0,1.0,24.5,34,2.0,2.0,1.0,38
4.0,3.0,32.5,25.5,2.0,2.0,2.0,38
4.0,1.0,36.5,40.5,2.0,2.0,1.0,36.9
4.0,3.0,Absent,Absent,2.0,2.0,3.0,36.9
4.0,2.0,30.5,56,1.0,1.0,2.0,35.9
4.0,3.0,29,35.5,2.0,2.0,3.0,35.9
4.0,3.0,20.5,47.5,2.0,2.0,3.0,35.9
4.0,1.0,39,52,2.0,2.0,1.0,34.8
4.0,2.0,26.5,28,1.0,1.0,2.0,33.8
4.0,1.0,43.5,40.5,2.0,2.0,1.0,33.8
4.0,3.0,26,33.5,2.0,2.0,3.0,33.8
4.0,1.0,39,34.5,2.0,2.0,1.0,32.7
4.0,2.0,25,20,1.0,1.0,2.0,32.7
4.0,2.0,31.5,30.5,1.0,1.0,2.0,32.7
4.0,3.0,18,63.5,2.0,2.0,1.0,32.7
4.0,3.0,Absent,Absent,2.0,2.0,3.0,32.7
4.0,2.0,33.5,14.5,1.0,1.0,2.0,31.7
4.0,2.0,35.5,40.5,1.0,1.0,3.0,31.7
4.0,2.0,33,36,1.0,1.0,2.0,31.7
4.0,3.0,35,36.5,2.0,2.0,3.0,31.7
4.0,3.0,46.5,34.5,2.0,2.0,3.0,31.7
4.0,2.0,21,30,1.0,1.0,2.0,30.6
4.0,3.0,29,4.5,2.0,2.0,3.0,29.6
4.0,1.0,27,23,2.0,2.0,1.0,29.6
4.0,2.0,30,16,1.0,1.0,2.0,28.5
4.0,2.0,29,22.5,1.0,1.0,2.0,27.4
4.0,3.0,17,22,2.0,2.0,3.0,27.4
4.0,3.0,22.5,44,2.0,2.0,3.0,27.4
4.0,2.0,35,37,1.0,1.0,1.0,26.4
4.0,3.0,30,27,2.0,2.0,3.0,26.4
4.0,3.0,37.5,49.5,2.0,2.0,3.0,25.3
4.0,2.0,21,8,1.0,1.0,2.0,24.3
4.0,3.0,22.5,21.5,2.0,2.0,3.0,24.3
4.0,3.0,17.5,13.5,2.0,2.0,2.0,23.2
4.0,1.0,43,35,2.0,2.0,1.0,23.2
4.0,2.0,25.5,31,1.0,1.0,2.0,23.2
4.0,2.0,22.5,19.5,1.0,1.0,2.0,23.2
4.0,2.0,20.5,20,1.0,1.0,2.0,23.2
4.0,3.0,Absent,Absent,2.0,2.0,3.0,22.2
4.0,3.0,25,19.5,2.0,2.0,3.0,20.1
4.0,1.0,51.5,36,2.0,2.0,1.0,19
4.0,2.0,,,,,2.0,19
4.0,2.0,23.5,15.5,1.0,1.0,3.0,19
4.0,3.0,10,13,2.0,2.0,3.0,17.9
4.0,3.0,31.5,15.5,2.0,2.0,3.0,17.9
4.0,1.0,35,26,2.0,2.0,1.0,15.8
4.0,2.0,32.5,26,1.0,1.0,2.0,14.8
4.0,3.0,35.5,37.5,2.0,2.0,3.0,14.8
4.0,3.0,Absent,Absent,2.0,2.0,3.0,14.8
4.0,2.0,26.5,16.5,1.0,1.0,2.0,13.7
4.0,1.0,23.5,53.5,2.0,2.0,1.0,13.7
4.0,3.0,17.5,8,2.0,2.0,3.0,13.7
4.0,3.0,,,,,3.0,12.7
4.0,2.0,29,19.5,1.0,1.0,2.0,7.4
5.0,1.0,79,79,2.0,2.0,1.0,95
5.0,1.0,86.5,82,2.0,2.0,1.0,92
5.0,1.0,83,74,2.0,2.0,1.0,89
5.0,1.0,84.5,82.5,2.0,2.0,1.0,89
5.0,3.0,75.5,77,2.0,2.0,3.0,88
5.0,1.0,86,85,2.0,2.0,1.0,88
5.0,3.0,77,84.5,2.0,2.0,3.0,88
5.0,1.0,85,79,2.0,2.0,1.0,87
5.0,1.0,85,73,2.0,2.0,1.0,85
5.0,1.0,81,69.5,2.0,2.0,1.0,85
5.0,1.0,49.5,62.5,2.0,2.0,1.0,84
5.0,1.0,78,80.5,2.0,2.0,1.0,83
5.0,1.0,57.5,63.5,2.0,2.0,1.0,83
5.0,3.0,75.5,65,2.0,2.0,3.0,83
5.0,1.0,73,76.5,2.0,2.0,1.0,83
5.0,1.0,88,65.5,2.0,2.0,1.0,83
5.0,3.0,52,52,2.0,2.0,3.0,83
5.0,2.0,66,64,1.0,1.0,2.0,82
5.0,2.0,54,51.5,1.0,1.0,2.0,82
5.0,1.0,75.5,59,2.0,2.0,1.0,82
5.0,1.0,72.5,65,2.0,2.0,1.0,81
5.0,1.0,63,63.5,2.0,2.0,1.0,81
5.0,1.0,83,64.5,2.0,2.0,1.0,81
5.0,3.0,53.5,60,2.0,2.0,3.0,81
5.0,2.0,38,40,1.0,1.0,2.0,80
5.0,1.0,55.5,47,2.0,2.0,1.0,80
5.0,1.0,73.5,69,2.0,2.0,1.0,80
5.0,1.0,80.5,79.5,2.0,2.0,1.0,80
5.0,3.0,69,77,2.0,2.0,3.0,80
5.0,3.0,66.5,67,2.0,2.0,3.0,79
5.0,1.0,50,56.5,2.0,2.0,1.0,78
5.0,1.0,69,76.5,2.0,2.0,1.0,77
5.0,1.0,59.5,71.5,2.0,2.0,1.0,76
5.0,1.0,92.5,87,2.0,2.0,1.0,75
5.0,1.0,83,77,2.0,2.0,1.0,75
5.0,1.0,72.5,75,2.0,2.0,1.0,75
5.0,3.0,40.5,52,2.0,2.0,3.0,74
5.0,2.0,65,62,1.0,1.0,2.0,74
5.0,1.0,70,74.5,2.0,2.0,1.0,73
5.0,1.0,52,56,2.0,2.0,1.0,73
5.0,1.0,51,42.5,2.0,2.0,1.0,73
5.0,1.0,75,62.5,2.0,2.0,1.0,72
5.0,1.0,68.5,73,2.0,2.0,1.0,72
5.0,2.0,44.5,44.5,1.0,1.0,2.0,72
5.0,2.0,44.5,27.5,1.0,1.0,2.0,71
5.0,1.0,72.5,94.5,2.0,2.0,1.0,71
5.0,3.0,56.5,65.5,2.0,2.0,3.0,71
5.0,1.0,79,90,2.0,2.0,1.0,69
5.0,1.0,76,61.5,2.0,2.0,1.0,69
5.0,2.0,43.5,53,1.0,1.0,2.0,68
5.0,2.0,43.5,43,1.0,1.0,2.0,68
5.0,3.0,57,69.5,2.0,2.0,3.0,68
5.0,2.0,48.5,28,1.0,1.0,2.0,67
5.0,2.0,78,73.5,1.0,1.0,2.0,67
5.0,3.0,69,58,2.0,2.0,3.0,66
5.0,3.0,37,16,2.0,2.0,3.0,65
5.0,1.0,64.5,61.5,2.0,2.0,1.0,64
5.0,3.0,38,42.5,2.0,2.0,3.0,64
5.0,1.0,45.5,33.5,2.0,2.0,1.0,64
5.0,3.0,42.5,34.5,2.0,2.0,3.0,64
5.0,2.0,39.5,30,1.0,1.0,2.0,64
5.0,3.0,,,,,3.0,64
5.0,3.0,37.5,29,2.0,2.0,3.0,64
5.0,1.0,55,44.5,2.0,2.0,1.0,62
5.0,1.0,68.5,53,2.0,2.0,1.0,62
5.0,3.0,52,56.5,2.0,2.0,3.0,62
5.0,3.0,40,28,2.0,2.0,3.0,60
5.0,2.0,57.5,56.5,1.0,1.0,2.0,60
5.0,2.0,41,38.5,1.0,1.0,2.0,59
5.0,2.0,48.5,51.5,1.0,1.0,2.0,59
5.0,1.0,46,41.5,2.0,2.0,1.0,59
5.0,3.0,33.5,30,2.0,2.0,3.0,58
5.0,3.0,40,48,2.0,2.0,3.0,58
5.0,3.0,39.5,39.5,2.0,2.0,3.0,58
5.0,1.0,53,33.5,2.0,2.0,1.0,57
5.0,2.0,36.5,39,1.0,1.0,2.0,57
5.0,3.0,34.5,42,2.0,2.0,3.0,57
5.0,3.0,54,52,2.0,2.0,3.0,57
5.0,2.0,65,60.5,1.0,1.0,2.0,56
5.0,1.0,60.5,55,2.0,2.0,1.0,56
5.0,2.0,27,48,1.0,1.0,2.0,55
5.0,3.0,55,49,2.0,2.0,3.0,55
5.0,2.0,27,43.5,1.0,1.0,2.0,55
5.0,3.0,26,36,2.0,2.0,3.0,55
5.0,2.0,48.5,58,1.0,1.0,2.0,54
5.0,2.0,50.5,40,1.0,1.0,2.0,54
5.0,2.0,26.5,31.5,1.0,1.0,2.0,53
5.0,2.0,40.5,33.5,1.0,1.0,2.0,52
5.0,3.0,,,,,3.0,52
5.0,3.0,50,36.5,2.0,2.0,3.0,52
5.0,1.0,52.5,47.5,2.0,2.0,1.0,52
5.0,3.0,42,25,2.0,2.0,3.0,51
5.0,1.0,41,24,2.0,2.0,1.0,50
5.0,3.0,20,Absent,2.0,2.0,3.0,50
5.0,2.0,31,45,1.0,1.0,2.0,49
5.0,1.0,51,42.5,2.0,2.0,1.0,47
5.0,3.0,40.5,37,2.0,2.0,3.0,47
5.0,2.0,40,46,1.0,1.0,2.0,47
5.0,2.0,58,42.5,1.0,1.0,2.0,46
5.0,1.0,47,23.5,2.0,2.0,1.0,43
5.0,3.0,,,,,3.0,43
5.0,1.0,55,47.5,2.0,2.0,1.0,42
5.0,3.0,40.5,42,2.0,2.0,3.0,41
5.0,3.0,26.5,16,2.0,2.0,3.0,41
5.0,2.0,36,25,1.0,1.0,2.0,40
5.0,1.0,48,30,2.0,2.0,1.0,40
5.0,3.0,44,40,2.0,2.0,3.0,40
5.0,2.0,40,29,1.0,1.0,2.0,38
5.0,2.0,56,36.5,1.0,1.0,2.0,38
5.0,3.0,17.5,28.5,2.0,2.0,3.0,38
5.0,2.0,,,,,2.0,38
5.0,2.0,44.5,33.5,1.0,1.0,2.0,36
5.0,2.0,41.5,36.5,1.0,1.0,2.0,36
5.0,2.0,67.5,66.5,1.0,1.0,2.0,36
5.0,3.0,33,42,2.0,2.0,3.0,36
5.0,3.0,35,39.5,2.0,2.0,3.0,36
5.0,2.0,,,,,2.0,35
5.0,2.0,,,,,2.0,34
5.0,2.0,23,25,1.0,1.0,2.0,34
5.0,3.0,10.5,Absent,2.0,2.0,3.0,34
5.0,2.0,11.5,Absent,1.0,1.0,2.0,33
5.0,3.0,41,35,2.0,2.0,3.0,31
5.0,2.0,33,19.5,1.0,1.0,2.0,29
5.0,2.0,41,42,1.0,1.0,2.0,28
5.0,2.0,44.5,22,1.0,1.0,2.0,28
5.0,2.0,21,18.5,1.0,1.0,2.0,27
5.0,3.0,25,17.5,2.0,2.0,3.0,27
5.0,3.0,11.5,28,2.0,2.0,3.0,23
5.0,1.0,29,29.5,2.0,2.0,1.0,22
5.0,3.0,39,36,2.0,2.0,3.0,22
5.0,1.0,,,,,1.0,21
5.0,1.0,30,36.5,2.0,2.0,1.0,21
5.0,2.0,31.5,14.5,1.0,1.0,2.0,20
5.0,3.0,11,Absent,2.0,2.0,3.0,18
5.0,2.0,24,31,1.0,1.0,2.0,18
5.0,1.0,59,58,2.0,2.0,1.0,18
5.0,3.0,26.5,24.5,2.0,2.0,3.0,17
5.0,2.0,35.5,20,1.0,1.0,2.0,15
5.0,1.0,22,42.5,2.0,2.0,1.0,15
5.0,2.0,,,,,2.0,14
5.0,3.0,24,18,2.0,2.0,3.0,13
5.0,3.0,,,,,3.0,12
5.0,2.0,25,22.5,1.0,1.0,2.0,11
5.0,3.0,36.5,19.5,2.0,2.0,3.0,11
5.0,1.0,32.5,14,2.0,2.0,1.0,9
5.0,3.0,28,33.5,2.0,2.0,3.0,8
5.0,1.0,13.5,16.5,2.0,2.0,1.0,7
5.0,3.0,24,26,2.0,2.0,3.0,5
6.0,1.0,80.5,74.5,1.0,1.0,1.0,96
6.0,1.0,83,94.5,1.0,1.0,2.0,93
6.0,1.0,88,79,1.0,1.0,2.0,92
6.0,1.0,54.5,44,1.0,1.0,2.0,92
6.0,1.0,66,70,1.0,1.0,2.0,91
6.0,1.0,81,73.5,1.0,1.0,1.0,90
6.0,1.0,68,52,1.0,1.0,2.0,90
6.0,1.0,72.5,62,1.0,1.0,1.0,89
6.0,1.0,83,65,1.0,1.0,1.0,88
6.0,1.0,79.5,51.5,1.0,1.0,1.0,87
6.0,1.0,84,54.5,1.0,1.0,1.0,86
6.0,1.0,83,71.5,1.0,1.0,1.0,84
6.0,1.0,63.5,48.5,1.0,1.0,2.0,84
6.0,1.0,76,74.5,1.0,1.0,2.0,83
6.0,1.0,51.5,43,1.0,1.0,2.0,82
6.0,1.0,65,50.5,1.0,1.0,2.0,81
6.0,1.0,61.5,55,1.0,1.0,2.0,80
6.0,1.0,66.5,61.5,1.0,1.0,2.0,79
6.0,1.0,73.5,59,1.0,1.0,1.0,79
6.0,1.0,72.5,61.5,1.0,1.0,1.0,79
6.0,2.0,69,70.5,2.0,2.0,2.0,79
6.0,1.0,52.5,43.5,1.0,1.0,2.0,78
6.0,1.0,58,53.5,1.0,1.0,1.0,78
6.0,1.0,60.5,66,1.0,1.0,1.0,78
6.0,1.0,64,33.5,1.0,1.0,1.0,75
6.0,1.0,62.5,60,1.0,1.0,2.0,73
6.0,1.0,79,44,1.0,1.0,1.0,72
6.0,1.0,69,63,1.0,1.0,2.0,72
6.0,1.0,71,65.5,1.0,1.0,1.0,72
6.0,1.0,69.5,55,1.0,1.0,1.0,71
6.0,2.0,46,43,2.0,2.0,1.0,71
6.0,2.0,61.5,78,2.0,2.0,2.0,71
6.0,1.0,67.5,41,1.0,1.0,1.0,70
6.0,1.0,69,68.5,1.0,1.0,2.0,69
6.0,1.0,82.5,53.5,1.0,1.0,1.0,68
6.0,1.0,64,52.5,1.0,1.0,1.0,68
6.0,1.0,39.5,42,1.0,1.0,1.0,67
6.0,1.0,73.5,48.5,1.0,1.0,2.0,66
6.0,1.0,56,40,1.0,1.0,2.0,66
6.0,1.0,42.5,26.5,1.0,1.0,2.0,65
6.0,1.0,49.5,51,1.0,1.0,2.0,65
6.0,2.0,53,52,2.0,2.0,1.0,64
6.0,2.0,78,67.5,2.0,2.0,1.0,64
6.0,1.0,80.5,48.5,1.0,1.0,2.0,64
6.0,2.0,54.5,49,2.0,2.0,2.0,62
6.0,2.0,36,41.5,2.0,2.0,1.0,60
6.0,2.0,31.5,46.5,2.0,2.0,1.0,60
6.0,2.0,43.5,29,2.0,2.0,2.0,60
6.0,1.0,,,,,1.0,60
6.0,2.0,28,49,2.0,2.0,1.0,58
6.0,1.0,41.5,48.5,1.0,1.0,1.0,58
6.0,2.0,41,39,2.0,2.0,1.0,57
6.0,1.0,,,,,1.0,57
6.0,1.0,54.5,41.5,1.0,1.0,1.0,56
6.0,2.0,47.5,46.5,2.0,2.0,2.0,55
6.0,2.0,,,,,2.0,54
6.0,1.0,39.5,48.5,1.0,1.0,2.0,52
6.0,1.0,54.5,50,1.0,1.0,1.0,52
6.0,1.0,52,34,1.0,1.0,1.0,52
6.0,2.0,46,61.5,2.0,2.0,2.0,51
6.0,2.0,49.5,57,2.0,2.0,2.0,51
6.0,1.0,47.5,22.5,1.0,1.0,1.0,50
6.0,2.0,34,35.5,2.0,2.0,1.0,50
6.0,2.0,24,15.5,2.0,2.0,1.0,48
6.0,2.0,58.5,39.5,2.0,2.0,1.0,47
6.0,2.0,27,47.5,2.0,2.0,1.0,47
6.0,2.0,38,39.5,2.0,2.0,2.0,47
6.0,2.0,49,43,2.0,2.0,2.0,46
6.0,2.0,,,,,2.0,46
6.0,2.0,41.5,27,2.0,2.0,2.0,45
6.0,2.0,38.5,31.5,2.0,2.0,2.0,44
6.0,2.0,39,34,2.0,2.0,2.0,43
6.0,2.0,,,,,2.0,43
6.0,1.0,60.5,57,1.0,1.0,2.0,42
6.0,1.0,,,,,1.0,41
6.0,2.0,,,,,2.0,41
6.0,2.0,46,28.5,2.0,2.0,2.0,41
6.0,2.0,23,35.5,2.0,2.0,1.0,39
6.0,2.0,22.5,43.5,2.0,2.0,1.0,39
6.0,1.0,66.5,50.5,1.0,1.0,2.0,38
6.0,1.0,57,29.5,1.0,1.0,1.0,36
6.0,1.0,43,31,1.0,1.0,2.0,36
6.0,2.0,,,,,2.0,36
6.0,1.0,,,,,1.0,33
6.0,2.0,32,28.5,2.0,2.0,2.0,33
6.0,2.0,40,31.5,2.0,2.0,2.0,32
6.0,2.0,27.5,Absent,2.0,2.0,1.0,32
6.0,2.0,16,44.5,2.0,2.0,1.0,32
6.0,2.0,32,52.5,2.0,2.0,1.0,30
6.0,1.0,,,,,1.0,29
6.0,1.0,,,,,1.0,28
6.0,2.0,20.5,24.5,2.0,2.0,1.0,27
6.0,2.0,30.5,28.5,2.0,2.0,1.0,26
6.0,2.0,,,,,2.0,25
6.0,2.0,22.5,Absent,2.0,2.0,1.0,25
6.0,1.0,,,,,1.0,25
6.0,2.0,28,37,2.0,2.0,1.0,24
6.0,2.0,,,,,2.0,23
6.0,1.0,,,,,1.0,22
6.0,1.0,,,,,1.0,21
6.0,2.0,,,,,2.0,18
6.0,1.0,,,,,1.0,18
6.0,1.0,,,,,1.0,16
6.0,2.0,29,16,2.0,2.0,1.0,15
6.0,2.0,16.5,27.5,2.0,2.0,1.0,14
6.0,2.0,,,,,2.0,14
6.0,2.0,31,35,2.0,2.0,1.0,13
6.0,1.0,,,,,1.0,13
6.0,1.0,,,,,1.0,12
6.0,2.0,28.5,29,2.0,2.0,2.0,11
6.0,2.0,,,,,2.0,6
6.0,1.0,,,,,1.0,6
6.0,2.0,,,,,2.0,6
6.0,2.0,,,,,2.0,2
6.0,1.0,,,,,1.0,0
7.0,2.0,37,37.93,2.0,2.0,2.0,Absent
7.0,3.0,82.5,79.43,1.0,1.0,3.0,94.29
7.0,3.0,76.5,77.4,1.0,1.0,3.0,91.43
7.0,1.0,65,84.13,2.0,1.0,1.0,90.71
7.0,3.0,85.5,97.8,1.0,1.0,3.0,90.71
7.0,1.0,87.5,84.9,2.0,1.0,1.0,87.14
7.0,3.0,75.5,93.07,1.0,1.0,3.0,87.14
7.0,2.0,48.5,83.9,2.0,2.0,2.0,86.43
7.0,2.0,76.5,76.93,2.0,2.0,2.0,86.43
7.0,1.0,85.5,83.33,2.0,1.0,1.0,84.29
7.0,2.0,80.5,77.23,2.0,2.0,2.0,84.29
7.0,1.0,71.5,69.73,2.0,1.0,1.0,83.57
7.0,1.0,81.5,90,2.0,1.0,1.0,81.43
7.0,1.0,52.5,79,2.0,1.0,1.0,78.57
7.0,3.0,79.5,88.6,1.0,1.0,3.0,77.86
7.0,3.0,67.5,87.5,1.0,1.0,3.0,76.43
7.0,1.0,69.5,81.4,2.0,1.0,1.0,73.57
7.0,2.0,56.5,54.67,2.0,2.0,2.0,72.14
7.0,2.0,54,58.03,2.0,2.0,2.0,72.14
7.0,2.0,86,85,2.0,2.0,2.0,71.43
7.0,3.0,66,76.4,1.0,1.0,3.0,70
7.0,3.0,23.5,74.47,1.0,1.0,3.0,70
7.0,3.0,56,70.3,1.0,1.0,3.0,69.29
7.0,3.0,71,76.4,1.0,1.0,3.0,68.57
7.0,1.0,43.5,69.13,2.0,1.0,1.0,67.86
7.0,3.0,64.5,80.17,1.0,1.0,3.0,67.86
7.0,2.0,35,64.47,2.0,2.0,2.0,67.86
7.0,3.0,43,66.83,1.0,1.0,3.0,67.14
7.0,2.0,70,84.17,2.0,2.0,2.0,66.43
7.0,2.0,64,63.07,2.0,2.0,2.0,65.71
7.0,3.0,61.5,72.5,1.0,1.0,3.0,65.71
7.0,1.0,58.5,82.77,2.0,1.0,1.0,65.71
7.0,1.0,39.5,65,2.0,1.0,1.0,65.71
7.0,3.0,24.5,42.67,1.0,1.0,3.0,65.71
7.0,3.0,65,69.97,1.0,1.0,3.0,65
7.0,1.0,64,78.17,2.0,1.0,1.0,64.29
7.0,2.0,73.5,83.6,2.0,2.0,2.0,64.29
7.0,3.0,31.5,45.83,1.0,1.0,3.0,64.29
7.0,1.0,56.5,75,2.0,1.0,1.0,64.29
7.0,1.0,61,73.33,2.0,1.0,1.0,63.57
7.0,1.0,65.5,79.73,2.0,1.0,1.0,63.57
7.0,3.0,82,91.4,1.0,1.0,3.0,62.86
7.0,1.0,70,91.67,2.0,1.0,1.0,62.86
7.0,3.0,52.5,61.4,1.0,1.0,3.0,62.86
7.0,1.0,78.5,55.57,2.0,1.0,1.0,62.14
7.0,2.0,39,69.33,2.0,2.0,2.0,62.14
7.0,2.0,41,44.97,2.0,2.0,2.0,62.14
7.0,1.0,5,61.63,2.0,1.0,1.0,60.71
7.0,2.0,85.5,69.73,2.0,2.0,2.0,60.71
7.0,1.0,41,67.1,2.0,1.0,1.0,60
7.0,3.0,56.5,50.57,1.0,1.0,3.0,60
7.0,1.0,43,66.37,2.0,1.0,1.0,59.29
7.0,1.0,34,55.47,2.0,1.0,2.0,59.29
7.0,1.0,48,62.67,2.0,1.0,1.0,58.57
7.0,2.0,34,54.33,2.0,2.0,2.0,57.14
7.0,2.0,32,61.57,2.0,2.0,2.0,57.14
7.0,2.0,43,43.37,2.0,2.0,2.0,57.14
7.0,2.0,37.5,42.73,2.0,2.0,2.0,57.14
7.0,1.0,50,60.23,2.0,1.0,1.0,56.43
7.0,2.0,18.5,72.23,2.0,2.0,2.0,55.71
7.0,1.0,37,80,2.0,1.0,1.0,55.71
7.0,3.0,35,43.03,1.0,1.0,3.0,55
7.0,3.0,44.5,42.37,1.0,1.0,3.0,55
7.0,3.0,38.5,64.97,1.0,1.0,3.0,55
7.0,3.0,44.5,71,1.0,1.0,3.0,54.29
7.0,1.0,46.5,29,2.0,1.0,1.0,53.57
7.0,1.0,46,41.37,2.0,1.0,1.0,53.57
7.0,2.0,23.5,37.13,2.0,2.0,2.0,52.86
7.0,1.0,46,44.97,2.0,1.0,1.0,52.86
7.0,3.0,12.5,21.57,1.0,1.0,3.0,52.14
7.0,3.0,57.5,61.83,1.0,1.0,3.0,52.14
7.0,1.0,25,30.57,2.0,1.0,1.0,51.43
7.0,2.0,59,76.67,2.0,2.0,2.0,51.43
7.0,1.0,25,58.33,2.0,1.0,1.0,50.71
7.0,2.0,21.5,54.07,2.0,2.0,2.0,50
7.0,1.0,23,15.27,2.0,1.0,1.0,50
7.0,2.0,25.5,54.7,2.0,2.0,2.0,49.29
7.0,1.0,50,36.37,2.0,1.0,1.0,49.29
7.0,3.0,51,61,1.0,1.0,3.0,49.29
7.0,1.0,45,49.07,2.0,1.0,1.0,48.57
7.0,3.0,20,63.63,1.0,1.0,3.0,47.86
7.0,2.0,80,80.27,2.0,2.0,1.0,47.14
7.0,2.0,34,35.27,2.0,2.0,2.0,47.14
7.0,2.0,50,38.6,2.0,2.0,2.0,47.14
7.0,2.0,22.5,35.53,2.0,2.0,2.0,47.14
7.0,1.0,37.5,28.87,2.0,1.0,1.0,47.14
7.0,2.0,14.5,22.97,2.0,2.0,2.0,47.14
7.0,2.0,10,59.73,2.0,2.0,2.0,46.43
7.0,1.0,48.5,45.8,2.0,1.0,1.0,45.71
7.0,1.0,30,71.4,2.0,1.0,1.0,45.71
7.0,2.0,72,65.53,2.0,2.0,2.0,45.71
7.0,1.0,25,Absent,2.0,1.0,1.0,45.71
7.0,2.0,41,58.33,2.0,2.0,2.0,45
7.0,2.0,24,Absent,2.0,2.0,2.0,45
7.0,1.0,55,39.33,2.0,1.0,1.0,44.29
7.0,1.0,29.5,57.23,2.0,1.0,1.0,44.29
7.0,2.0,,,,,2.0,44.29
7.0,2.0,28.5,31.93,2.0,2.0,2.0,44.29
7.0,3.0,22,39.23,1.0,1.0,3.0,44.29
7.0,2.0,24,53.17,2.0,2.0,2.0,44.29
7.0,1.0,48,78.6,2.0,1.0,1.0,43.57
7.0,2.0,16.5,26.53,2.0,2.0,1.0,42.86
7.0,1.0,43,74.43,2.0,1.0,1.0,42.86
7.0,1.0,55.5,72.5,2.0,1.0,1.0,42.14
7.0,2.0,26.5,46.23,2.0,2.0,2.0,42.14
7.0,1.0,13,18.07,2.0,1.0,1.0,42.14
7.0,1.0,54,70.83,2.0,1.0,1.0,41.43
7.0,3.0,23,23.23,1.0,1.0,3.0,41.43
7.0,1.0,33,43.77,2.0,1.0,2.0,41.43
7.0,3.0,42.5,57.5,1.0,1.0,3.0,40.71
7.0,2.0,33.5,63.33,2.0,2.0,2.0,40.71
7.0,2.0,14.5,41.7,2.0,2.0,2.0,40.71
7.0,2.0,35,56.4,2.0,2.0,2.0,40.71
7.0,1.0,50.5,50.17,2.0,1.0,1.0,40.71
7.0,2.0,15,26.53,2.0,2.0,2.0,40.71
7.0,2.0,29,71.93,2.0,2.0,2.0,40.71
7.0,1.0,40.5,72.23,2.0,1.0,1.0,40
7.0,3.0,27,14.67,1.0,1.0,3.0,40
7.0,3.0,16.5,32.8,1.0,1.0,3.0,39.29
7.0,1.0,30,57.9,2.0,1.0,1.0,39.29
7.0,3.0,49.5,48.93,1.0,1.0,3.0,39.29
7.0,3.0,39,48.07,1.0,1.0,3.0,38.57
7.0,3.0,38,30.53,1.0,1.0,3.0,38.57
7.0,3.0,28,69.47,1.0,1.0,3.0,38.57
7.0,3.0,22.5,19.83,1.0,1.0,3.0,38.57
7.0,2.0,12.5,41,2.0,2.0,2.0,37.86
7.0,3.0,,,,,3.0,37.86
7.0,3.0,30,63.63,1.0,1.0,3.0,37.86
7.0,1.0,46.5,54.43,2.0,1.0,1.0,37.86
7.0,3.0,31.5,8.43,1.0,1.0,3.0,36.43
7.0,1.0,28.5,47.53,2.0,1.0,1.0,36.43
7.0,1.0,20.5,33.3,2.0,1.0,1.0,35.71
7.0,3.0,39,70.53,1.0,1.0,3.0,35
7.0,2.0,9.5,26.1,2.0,2.0,2.0,35
7.0,2.0,56.5,65.57,2.0,2.0,2.0,35
7.0,1.0,22.5,37.93,2.0,1.0,1.0,35
7.0,1.0,30.5,23.87,2.0,1.0,1.0,35
7.0,1.0,,,,,1.0,34.29
7.0,1.0,38.5,40,2.0,1.0,1.0,33.57
7.0,1.0,39,18.5,2.0,1.0,1.0,32.86
7.0,3.0,44,45.53,1.0,1.0,3.0,32.14
7.0,1.0,38.5,30,2.0,1.0,1.0,32.14
7.0,2.0,,,,,2.0,30.71
7.0,3.0,,,,,3.0,30
7.0,2.0,26,42.5,2.0,2.0,2.0,29.29
7.0,3.0,58,50.27,1.0,1.0,3.0,29.29
7.0,2.0,84.5,56.57,2.0,2.0,2.0,28.57
7.0,3.0,60,40.27,1.0,1.0,3.0,28.57
7.0,1.0,24,19.23,2.0,1.0,1.0,27.86
7.0,2.0,24,29.9,2.0,2.0,2.0,27.14
7.0,1.0,38.5,68.2,2.0,1.0,1.0,27.14
7.0,3.0,,,,,3.0,26.43
7.0,1.0,,,,,1.0,26.43
7.0,3.0,14.5,26.73,1.0,1.0,3.0,25.71
7.0,2.0,26,18.7,2.0,2.0,2.0,25.71
7.0,2.0,,,,,2.0,24.29
7.0,2.0,23,51,2.0,2.0,2.0,23.57
7.0,2.0,28,37.5,2.0,2.0,2.0,23.57
7.0,1.0,31,56.4,2.0,1.0,1.0,23.57
7.0,3.0,12.5,59.6,1.0,1.0,3.0,22.86
7.0,2.0,35,31.27,2.0,2.0,2.0,20.71
7.0,3.0,8,48.63,1.0,1.0,3.0,20
7.0,2.0,43,52.2,2.0,2.0,2.0,17.86
7.0,3.0,29,42.73,1.0,1.0,3.0,17.86
7.0,3.0,12.5,20.83,1.0,1.0,3.0,13.57
7.0,3.0,,,,,3.0,13.57
7.0,3.0,28,58.63,1.0,1.0,3.0,13.57
7.0,1.0,9.5,17.63,2.0,1.0,1.0,12.86
7.0,2.0,17,32.33,2.0,2.0,2.0,11.43
7.0,3.0,19,25.53,1.0,1.0,3.0,10
7.0,2.0,27.5,20.43,2.0,2.0,2.0,9.29
7.0,1.0,13,12.4,2.0,1.0,1.0,9.29
7.0,1.0,,,,,1.0,8.57
7.0,3.0,36.5,17.2,1.0,1.0,3.0,7.14
7.0,1.0,,,,,1.0,0
7.0,1.0,,,,,1.0,0
8.0,3.0,48.57,46.2,1.0,1.0,3.0,Absent
8.0,1.0,45,50,2.0,1.0,1.0,Absent
8.0,2.0,27.14,15.6,2.0,2.0,2.0,Absent
8.0,2.0,62.14,63.8,2.0,2.0,2.0,Absent
8.0,2.0,,,,,2.0,Absent
8.0,3.0,14.29,31.7,1.0,1.0,1.0,Absent
8.0,2.0,87.14,89.5,2.0,2.0,2.0,93.57
8.0,3.0,90.71,89.8,1.0,1.0,3.0,91.43
8.0,2.0,94.29,92.1,2.0,2.0,2.0,88.57
8.0,3.0,86.43,77.9,1.0,1.0,3.0,88.57
8.0,1.0,70.71,81.2,2.0,1.0,1.0,86
8.0,2.0,80.71,81.7,2.0,2.0,2.0,85.71
8.0,3.0,66.43,75.3,1.0,1.0,3.0,85.71
8.0,1.0,82.14,97.6,2.0,1.0,1.0,84.29
8.0,2.0,91.43,89.8,2.0,2.0,2.0,83.86
8.0,3.0,90.71,85.7,1.0,1.0,3.0,82
8.0,1.0,90.71,95.7,2.0,1.0,1.0,80.71
8.0,2.0,80,82.4,2.0,2.0,2.0,80.71
8.0,3.0,82.86,84,1.0,1.0,3.0,80
8.0,3.0,49.29,71.2,1.0,1.0,3.0,80
8.0,2.0,78.57,85.7,2.0,2.0,2.0,79.57
8.0,1.0,74.29,79.3,2.0,1.0,1.0,79.29
8.0,2.0,83.57,84.5,2.0,2.0,2.0,79.29
8.0,3.0,89.29,88.6,1.0,1.0,3.0,77.14
8.0,2.0,59.29,64.7,2.0,2.0,2.0,77.14
8.0,3.0,74.29,86.4,1.0,1.0,3.0,76.43
8.0,2.0,69.29,86.9,2.0,2.0,2.0,75.71
8.0,1.0,87.86,88.8,2.0,1.0,1.0,75.29
8.0,1.0,57.14,69.5,2.0,1.0,1.0,75
8.0,3.0,73.57,75.8,1.0,1.0,3.0,71.43
8.0,3.0,47.14,54,1.0,1.0,3.0,70.29
8.0,1.0,56.43,69.5,2.0,1.0,1.0,70
8.0,3.0,73.57,72.9,1.0,1.0,3.0,69.29
8.0,2.0,75.71,86.4,2.0,2.0,2.0,68.57
8.0,2.0,55.71,58.1,2.0,2.0,2.0,68.14
8.0,1.0,72.14,79.3,2.0,1.0,1.0,67.86
8.0,3.0,57.14,71.2,1.0,1.0,3.0,67.14
8.0,1.0,70.71,54.3,2.0,1.0,1.0,66.71
8.0,2.0,58.57,76.7,2.0,2.0,2.0,66.43
8.0,1.0,67.86,80,2.0,1.0,1.0,65.71
8.0,3.0,41.43,52.4,1.0,1.0,3.0,65.71
8.0,2.0,54.29,87.6,2.0,2.0,2.0,65
8.0,2.0,57.14,45.5,2.0,2.0,2.0,65
8.0,2.0,55.71,78.6,2.0,2.0,2.0,65
8.0,2.0,65.71,63.6,2.0,2.0,2.0,65
8.0,3.0,49.29,66.9,1.0,1.0,3.0,64.14
8.0,1.0,65,72.6,2.0,1.0,1.0,63.14
8.0,2.0,57.86,69.3,2.0,2.0,2.0,63.14
8.0,2.0,70.71,90.7,2.0,2.0,2.0,62.14
8.0,2.0,60.71,76.9,2.0,2.0,2.0,62.14
8.0,1.0,86.43,76.9,2.0,1.0,1.0,61.71
8.0,3.0,52.86,53.1,1.0,1.0,3.0,61.43
8.0,1.0,62.86,77.6,2.0,1.0,1.0,60.71
8.0,1.0,65.71,75,2.0,1.0,1.0,60.71
8.0,2.0,67.86,79.3,2.0,2.0,2.0,59.29
8.0,2.0,63.57,62.2,2.0,2.0,3.0,59.29
8.0,2.0,40.71,33.6,2.0,2.0,2.0,59.29
8.0,3.0,40,29.3,1.0,1.0,3.0,58.57
8.0,1.0,53.57,51.4,2.0,1.0,1.0,58.57
8.0,3.0,28.57,15.4,1.0,1.0,3.0,58.43
8.0,2.0,73.57,80,2.0,2.0,1.0,58.14
8.0,1.0,58.57,72.4,2.0,1.0,1.0,58.14
8.0,1.0,64.29,64.3,2.0,1.0,1.0,57.86
8.0,2.0,66.43,76.9,2.0,2.0,1.0,57.86
8.0,1.0,61.43,77.1,2.0,1.0,1.0,57.86
8.0,1.0,45,54,2.0,1.0,1.0,57.14
8.0,1.0,56.43,56.9,2.0,1.0,1.0,57.14
8.0,3.0,41.43,48.4,1.0,1.0,3.0,56.71
8.0,3.0,57.86,72.8,1.0,1.0,3.0,56.71
8.0,1.0,51.43,46.9,2.0,1.0,1.0,56.43
8.0,1.0,79.29,82.2,2.0,1.0,1.0,56.43
8.0,1.0,55,68.6,2.0,1.0,1.0,56.29
8.0,2.0,70,77.9,2.0,2.0,2.0,56
8.0,2.0,62.86,70.5,2.0,2.0,2.0,55.71
8.0,2.0,44.29,45.8,2.0,2.0,3.0,55.57
8.0,3.0,69.29,75.2,1.0,1.0,3.0,55
8.0,2.0,48.57,55.7,2.0,2.0,2.0,55
8.0,1.0,62.86,69.8,2.0,1.0,1.0,54.29
8.0,1.0,62.86,53.1,2.0,1.0,1.0,54.29
8.0,2.0,52.14,55,2.0,2.0,2.0,54.29
8.0,3.0,52.14,65,1.0,1.0,3.0,54.29
8.0,2.0,63.57,65,2.0,2.0,2.0,53.57
8.0,1.0,64.29,58.9,2.0,1.0,1.0,52.14
8.0,1.0,47.86,44.1,2.0,1.0,1.0,51.43
8.0,2.0,51.43,70.5,2.0,2.0,2.0,51.43
8.0,1.0,57.14,36.9,2.0,1.0,1.0,51.43
8.0,3.0,50.71,48.8,1.0,1.0,3.0,51
8.0,2.0,50.71,61.4,2.0,2.0,2.0,50.71
8.0,1.0,50.71,56.2,2.0,1.0,1.0,50.71
8.0,1.0,44.29,49.3,2.0,1.0,1.0,49.29
8.0,2.0,62.86,55.2,2.0,2.0,2.0,48.86
8.0,1.0,39.29,28.7,2.0,1.0,1.0,48.57
8.0,2.0,35.71,52.4,2.0,2.0,2.0,47.86
8.0,1.0,43.57,41,2.0,1.0,1.0,47.14
8.0,2.0,45.71,77.4,2.0,2.0,2.0,47.14
8.0,3.0,45.71,62.4,1.0,1.0,3.0,47.14
8.0,2.0,68.57,69.8,2.0,2.0,2.0,46.43
8.0,2.0,57.86,79.1,2.0,2.0,2.0,45.57
8.0,1.0,20,42.6,2.0,1.0,1.0,45
8.0,3.0,67.86,66.9,1.0,1.0,3.0,43.57
8.0,2.0,45.71,55.2,2.0,2.0,2.0,43.57
8.0,3.0,65,61.8,1.0,1.0,3.0,43.57
8.0,3.0,41.43,41.4,1.0,1.0,3.0,43.57
8.0,3.0,43.57,36.7,1.0,1.0,3.0,43.57
8.0,2.0,45.71,60,2.0,2.0,2.0,42.86
8.0,1.0,62.14,80.5,2.0,1.0,1.0,42.43
8.0,3.0,65,72.4,1.0,1.0,3.0,41.71
8.0,2.0,44.29,33.8,2.0,2.0,2.0,41.43
8.0,3.0,30,59.3,1.0,1.0,3.0,41.43
8.0,3.0,45,73.8,1.0,1.0,3.0,41.43
8.0,1.0,52.14,35.5,2.0,1.0,1.0,41.43
8.0,2.0,53.57,59,2.0,2.0,2.0,40.71
8.0,1.0,51.43,55.2,2.0,1.0,1.0,39.29
8.0,1.0,52.14,49,2.0,1.0,1.0,39.29
8.0,2.0,60,50.7,2.0,2.0,2.0,39.29
8.0,3.0,65.71,62.6,1.0,1.0,3.0,38.86
8.0,3.0,45.71,54.3,1.0,1.0,3.0,38.57
8.0,3.0,37.86,37.9,1.0,1.0,3.0,38.57
8.0,3.0,28.57,33.3,1.0,1.0,3.0,38.43
8.0,3.0,49.29,59.8,1.0,1.0,3.0,37.86
8.0,2.0,44.29,38.1,2.0,2.0,2.0,37.86
8.0,2.0,48.57,35.9,2.0,2.0,2.0,37.43
8.0,3.0,40.71,49.5,1.0,1.0,3.0,37.14
8.0,2.0,42.86,44.5,2.0,2.0,2.0,37.14
8.0,2.0,32.86,40.5,2.0,2.0,2.0,36.43
8.0,3.0,56.43,26.7,1.0,1.0,3.0,35.71
8.0,1.0,63.57,77.4,2.0,1.0,1.0,35.29
8.0,1.0,45,43.3,2.0,1.0,1.0,35
8.0,1.0,36.43,39,2.0,1.0,1.0,34.29
8.0,3.0,50,53.8,1.0,1.0,3.0,34.29
8.0,3.0,59.29,60.7,1.0,1.0,3.0,33.57
8.0,2.0,47.86,66,2.0,2.0,2.0,32.86
8.0,3.0,49.29,36.4,1.0,1.0,3.0,32.14
8.0,3.0,42.14,53.8,1.0,1.0,3.0,31.43
8.0,3.0,46.43,67.4,1.0,1.0,3.0,30
8.0,3.0,35,56.7,1.0,1.0,3.0,30
8.0,3.0,35.71,28.3,1.0,1.0,3.0,30
8.0,3.0,38.57,31.7,1.0,1.0,3.0,29.29
8.0,2.0,48.57,62.1,2.0,2.0,2.0,28.57
8.0,3.0,49.29,43.3,1.0,1.0,3.0,27.86
8.0,2.0,28.57,28.6,2.0,2.0,2.0,27.86
8.0,1.0,37.86,36,2.0,1.0,1.0,26.43
8.0,2.0,44.29,41.7,2.0,2.0,2.0,26.43
8.0,1.0,40,31.7,2.0,1.0,1.0,26.43
8.0,3.0,27.14,24.2,1.0,1.0,3.0,26.43
8.0,1.0,33.57,34.3,2.0,1.0,1.0,25
8.0,2.0,37.86,31.2,2.0,2.0,2.0,25
8.0,3.0,67.14,45.4,1.0,1.0,3.0,24.86
8.0,3.0,29.29,Absent,1.0,1.0,3.0,22.86
8.0,1.0,45.71,16.7,2.0,1.0,1.0,22.86
8.0,3.0,31.43,45,1.0,1.0,3.0,22.14
8.0,1.0,39.29,35.9,2.0,1.0,1.0,21.43
8.0,1.0,42.14,35.9,2.0,1.0,1.0,19.29
8.0,3.0,46.43,39.5,1.0,1.0,3.0,19.29
8.0,3.0,42.86,38.3,1.0,1.0,3.0,18.57
8.0,3.0,47.86,30.7,1.0,1.0,3.0,17.14
8.0,3.0,25.71,22.6,1.0,1.0,3.0,15.71
8.0,3.0,,,,,3.0,13.57
8.0,2.0,50,39.5,2.0,2.0,2.0,13.57
8.0,2.0,33.57,42.4,2.0,2.0,2.0,11.43
8.0,3.0,33.57,29.1,1.0,1.0,3.0,10.71
8.0,3.0,25.71,Absent,1.0,1.0,3.0,8.57
8.0,1.0,24.29,47.9,2.0,1.0,1.0,7.86
8.0,2.0,42.86,33.3,2.0,2.0,2.0,7.86
8.0,2.0,19.29,Absent,2.0,2.0,2.0,7.14
8.0,3.0,40.71,35,1.0,1.0,3.0,3.57
8.0,2.0,,,,,2.0,0
8.0,3.0,30,31.7,1.0,1.0,3.0,0
9.0,3.0,80,86.7,4.0,1.0,3.0,21.5
9.0,2.0,33.6,35.9,1.0,1.0,2.0,15.75
9.0,1.0,44.3,46.2,2.0,2.0,3.0,12.5
9.0,2.0,35.4,37.7,1.0,1.0,2.0,13.25
9.0,1.0,29.7,29.8,2.0,2.0,1.0,3.5
9.0,3.0,64.3,69.1,4.0,1.0,3.0,19
9.0,1.0,52.9,71,2.0,2.0,1.0,15
9.0,1.0,85,84.8,2.0,2.0,1.0,29.5
9.0,1.0,80.7,85.1,2.0,2.0,1.0,31
9.0,1.0,42.9,32.1,2.0,2.0,1.0,10.25
9.0,2.0,71.1,75.3,1.0,1.0,2.0,19.75
9.0,3.0,10.4,12.4,4.0,1.0,1.0,3.25
9.0,1.0,36.8,39,2.0,2.0,1.0,16.5
9.0,1.0,80.7,72.9,2.0,2.0,1.0,14.25
9.0,1.0,49.3,43.6,2.0,2.0,1.0,11.25
9.0,2.0,68.6,80.7,1.0,1.0,2.0,25
9.0,3.0,15.4,12.6,4.0,1.0,3.0,3
9.0,1.0,54.3,42.4,2.0,2.0,1.0,16.25
9.0,1.0,43.6,40,2.0,2.0,1.0,15
9.0,1.0,95.7,90,2.0,2.0,1.0,28.75
9.0,1.0,69.3,76.9,2.0,2.0,1.0,19.5
9.0,1.0,30.7,13.9,2.0,2.0,1.0,3.5
9.0,1.0,56.1,45.5,2.0,2.0,1.0,14.25
9.0,2.0,39.3,24.1,1.0,1.0,2.0,5.25
9.0,2.0,72.9,70.9,1.0,1.0,2.0,26.75
9.0,1.0,59.3,35.5,2.0,2.0,1.0,27.75
9.0,2.0,32.9,23.1,1.0,1.0,2.0,11
9.0,2.0,,,,,2.0,Absent
9.0,2.0,41.4,26.4,1.0,1.0,2.0,17.25
9.0,1.0,47.1,55.1,2.0,2.0,1.0,13
9.0,2.0,67.9,68.1,1.0,1.0,2.0,16.25
9.0,2.0,57.9,45,1.0,1.0,2.0,12.25
9.0,3.0,11.1,25.9,4.0,1.0,3.0,8.25
9.0,1.0,50,47.5,2.0,2.0,1.0,25.25
9.0,2.0,46.4,38.9,1.0,1.0,2.0,8.75
9.0,1.0,59.3,43.3,2.0,2.0,1.0,12.75
9.0,2.0,81.4,75.7,1.0,1.0,2.0,22
9.0,1.0,51.8,50.5,2.0,2.0,1.0,12.5
9.0,2.0,62.1,79.8,1.0,1.0,2.0,15.5
9.0,1.0,74.3,55,2.0,2.0,1.0,13.5
9.0,2.0,55.7,49.1,1.0,1.0,2.0,20.75
9.0,1.0,40.7,31.3,2.0,2.0,1.0,14
9.0,2.0,78.6,58.8,1.0,1.0,2.0,30
9.0,2.0,68.6,58.6,1.0,1.0,2.0,20
9.0,2.0,59.3,58.1,1.0,1.0,2.0,19.5
9.0,3.0,,,,,3.0,12.25
9.0,3.0,56.4,55,4.0,1.0,3.0,12.5
9.0,2.0,,,,,2.0,17.5
9.0,1.0,35.4,39.3,2.0,2.0,1.0,10.25
9.0,2.0,38.6,39.3,1.0,1.0,2.0,12.25
9.0,3.0,65.7,44.1,4.0,1.0,3.0,19.25
9.0,2.0,46.4,56.7,1.0,1.0,2.0,18.25
9.0,1.0,92.1,90.5,2.0,2.0,1.0,33
9.0,2.0,33.9,52.7,1.0,1.0,2.0,15
9.0,3.0,40.7,27.9,4.0,1.0,3.0,8.25
9.0,2.0,86.4,57.4,1.0,1.0,2.0,17.75
9.0,2.0,41.4,30.3,1.0,1.0,2.0,5.25
9.0,3.0,27.1,32.4,4.0,1.0,3.0,14.75
9.0,3.0,59.3,43.3,4.0,1.0,3.0,20.25
9.0,3.0,41.1,28.1,4.0,1.0,3.0,1
9.0,2.0,31.4,37.8,1.0,1.0,2.0,11.25
9.0,3.0,77.1,74.5,4.0,1.0,3.0,22.5
9.0,3.0,57.1,44.7,4.0,1.0,3.0,12.25
9.0,2.0,45.4,44,1.0,1.0,2.0,20
9.0,1.0,37.9,20.5,2.0,2.0,1.0,15.5
9.0,3.0,25.7,22.9,4.0,1.0,3.0,5.25
9.0,3.0,42.9,35.7,4.0,1.0,3.0,13.5
9.0,1.0,64.3,78.8,2.0,2.0,1.0,20
9.0,3.0,46.4,36.9,4.0,1.0,3.0,15
9.0,3.0,57.9,47.9,4.0,1.0,3.0,18.25
9.0,3.0,60.7,74.5,4.0,1.0,3.0,21.75
9.0,2.0,74.3,54.1,1.0,1.0,3.0,22.25
9.0,1.0,60.4,51.1,2.0,2.0,1.0,14.75
9.0,3.0,72.9,63.8,4.0,1.0,3.0,23.5
9.0,3.0,43.6,41.2,4.0,1.0,3.0,6.5
9.0,2.0,43.6,52.9,1.0,1.0,2.0,8
9.0,3.0,57.9,40.2,4.0,1.0,3.0,11
9.0,3.0,52.1,54.1,4.0,1.0,3.0,Absent
9.0,2.0,75,79.7,1.0,1.0,2.0,26.25
9.0,3.0,41.4,29.9,4.0,1.0,3.0,13.5
9.0,2.0,48.6,41.5,1.0,1.0,2.0,19.5
9.0,1.0,35,50.5,2.0,2.0,1.0,14.5
9.0,3.0,45.7,68.3,4.0,1.0,3.0,22.25
9.0,2.0,22.9,40.9,1.0,1.0,2.0,4.75
9.0,3.0,54.3,47.4,4.0,1.0,3.0,8.75
9.0,3.0,52.1,28.3,4.0,1.0,3.0,9.25
9.0,3.0,46.1,12.4,4.0,1.0,3.0,7.75
9.0,3.0,43.2,63.6,4.0,1.0,3.0,11
9.0,3.0,70,74.7,4.0,1.0,3.0,10.5
9.0,2.0,62.1,34.5,1.0,1.0,2.0,4.5
9.0,2.0,55,38.7,1.0,1.0,2.0,12.5
9.0,3.0,51.8,41.5,4.0,1.0,3.0,9
9.0,3.0,37.9,65,4.0,1.0,3.0,14
9.0,3.0,42.1,44.5,4.0,1.0,3.0,16.25
9.0,3.0,54.3,26.7,4.0,1.0,3.0,6.5
9.0,3.0,80,79,4.0,1.0,3.0,21.25
9.0,2.0,55.7,31.3,1.0,1.0,2.0,13.75
9.0,3.0,37.1,40.2,4.0,1.0,3.0,15.25
9.0,3.0,19.7,26,4.0,1.0,2.0,9.5
9.0,3.0,38.9,39.5,4.0,1.0,3.0,14.75
9.0,1.0,30,27.8,2.0,2.0,1.0,7.75
9.0,1.0,50.7,67.9,2.0,2.0,1.0,19
9.0,1.0,49.3,37.5,2.0,2.0,1.0,13.25
9.0,1.0,80.4,87.6,2.0,2.0,1.0,30.25
9.0,3.0,46.4,51.2,4.0,1.0,3.0,19
9.0,1.0,80,76.7,2.0,2.0,1.0,26
9.0,2.0,50.7,48.6,1.0,1.0,2.0,17.75
9.0,2.0,55.7,47.9,1.0,1.0,2.0,17.75
9.0,2.0,79.3,67.6,1.0,1.0,2.0,25.75
9.0,1.0,62.5,51.7,2.0,2.0,1.0,27.75
9.0,2.0,50.7,30.5,1.0,1.0,2.0,13.75
9.0,2.0,77.9,77.9,1.0,1.0,2.0,20.5
9.0,3.0,96.4,95,4.0,1.0,3.0,27.5
9.0,1.0,90.7,87.1,2.0,2.0,1.0,24.5
9.0,3.0,52.9,39.7,4.0,1.0,3.0,17.5
9.0,3.0,44.3,35.2,4.0,1.0,3.0,16.25
9.0,3.0,25.4,31.8,4.0,1.0,3.0,3.25
9.0,1.0,68.6,80,2.0,2.0,1.0,22.5
9.0,3.0,84.7,87.1,4.0,1.0,3.0,32.5
9.0,3.0,40.7,40.9,4.0,1.0,3.0,18.25
9.0,3.0,58.9,38.8,4.0,1.0,3.0,16.5
9.0,3.0,,,,,3.0,11.25
9.0,3.0,41.1,35,4.0,1.0,3.0,14.5
9.0,3.0,67.9,85.7,4.0,1.0,3.0,22.5
9.0,2.0,37.5,40.7,1.0,1.0,2.0,16
9.0,3.0,77.1,75,4.0,1.0,3.0,19
9.0,1.0,,,,,1.0,13.5
9.0,1.0,35.7,39.5,2.0,2.0,1.0,9.75
9.0,2.0,86.4,78.3,1.0,1.0,2.0,32.75
9.0,2.0,37.1,26.7,1.0,1.0,2.0,10.25
9.0,2.0,30.4,40.7,1.0,1.0,2.0,6.5
9.0,2.0,49.3,44.3,1.0,1.0,2.0,11.75
9.0,2.0,,,,,2.0,2
9.0,3.0,45.7,48.5,4.0,1.0,3.0,14.25
9.0,3.0,,,,,3.0,3.25
9.0,3.0,,,,,3.0,5.75
9.0,3.0,60,55.2,4.0,1.0,3.0,19.25
9.0,2.0,34.3,30.6,1.0,1.0,2.0,13.5
9.0,2.0,44.3,21.4,1.0,1.0,2.0,16.5
9.0,1.0,57.9,39.3,2.0,2.0,1.0,9.5
9.0,2.0,62.5,62.9,1.0,1.0,2.0,15.5
9.0,1.0,60.7,60.3,2.0,2.0,1.0,20
9.0,1.0,55,46.9,2.0,2.0,1.0,19
9.0,1.0,76.4,76.5,2.0,2.0,1.0,19.5
9.0,1.0,51.4,53.3,2.0,2.0,1.0,13
9.0,1.0,49.7,40.9,2.0,2.0,1.0,10.75
9.0,1.0,36.4,41.4,2.0,2.0,1.0,15.75
9.0,1.0,62.1,68.8,2.0,2.0,1.0,20.5
9.0,3.0,63.6,62.6,4.0,1.0,3.0,20
9.0,3.0,62.1,48.3,4.0,1.0,3.0,18.75
9.0,3.0,52.9,47.4,4.0,1.0,3.0,14
9.0,3.0,51.4,39.8,4.0,1.0,3.0,17
9.0,3.0,79.3,63.1,4.0,1.0,3.0,24.5
9.0,3.0,49.3,60.2,4.0,1.0,3.0,15.5
9.0,3.0,79.3,72.1,4.0,1.0,3.0,12.75
9.0,2.0,51.1,57.2,1.0,1.0,2.0,16.5
9.0,2.0,48.6,36.2,1.0,1.0,2.0,10.5
9.0,2.0,35,17.9,1.0,1.0,2.0,12.75
9.0,3.0,44.3,41.7,4.0,1.0,3.0,14.25
9.0,2.0,63.9,53,1.0,1.0,2.0,17
9.0,2.0,71.4,70.5,1.0,1.0,2.0,10.5
9.0,1.0,54.3,56.4,2.0,2.0,1.0,13.25
9.0,2.0,68.9,59,1.0,1.0,2.0,18.25
9.0,1.0,59.3,56.3,2.0,2.0,1.0,23
9.0,1.0,41.4,18.4,2.0,2.0,1.0,2.25
9.0,1.0,65,31.1,2.0,2.0,1.0,12.75
9.0,1.0,41.8,42.6,2.0,2.0,1.0,18.5
9.0,1.0,,,,,1.0,19
9.0,1.0,28.6,44.8,2.0,2.0,1.0,5
9.0,2.0,,,,,2.0,Absent
9.0,1.0,82.1,65.9,2.0,2.0,1.0,18.75
9.0,1.0,43.6,31.4,2.0,2.0,1.0,13
9.0,2.0,40,27.3,1.0,1.0,2.0,14.75
9.0,2.0,45.7,20,1.0,1.0,2.0,12.25
9.0,2.0,69.7,70.9,1.0,1.0,2.0,21.75
9.0,1.0,47.9,40.9,2.0,2.0,1.0,13.5
9.0,1.0,65.7,62.9,2.0,2.0,1.0,17.5
9.0,2.0,62.1,59.8,1.0,1.0,2.0,17
2.0,3.0,15.5,3,2.0,1.0,3.0,
2.0,3.0,16.5,6,2.0,1.0,3.0,
2.0,2.0,68.5,82,2.0,1.0,2.0,
2.0,2.0,Absent,,2.0,1.0,2.0,
2.0,2.0,14.5,Absent,2.0,1.0,2.0,
2.0,3.0,12.5,17,2.0,1.0,3.0,
2.0,1.0,55.5,36,2.0,1.0,1.0,
2.0,3.0,5.5,3,2.0,1.0,3.0,
2.0,3.0,13,22,2.0,1.0,3.0,
2.0,3.0,Absent,Absent,2.0,1.0,3.0,
2.0,1.0,Absent,,2.0,1.0,1.0,
2.0,3.0,10.5,,2.0,1.0,3.0,
2.0,2.0,11.5,0,2.0,1.0,2.0,
2.0,1.0,22.5,Absent,2.0,1.0,1.0,
2.0,1.0,13,3,2.0,1.0,1.0,
2.0,2.0,Absent,,2.0,1.0,2.0,
2.0,3.0,12.5,Absent,2.0,1.0,3.0,
2.0,1.0,12.5,8,2.0,1.0,1.0,
2.0,3.0,33.5,Absent,2.0,1.0,3.0,
2.0,2.0,13.5,16,2.0,1.0,2.0,
2.0,2.0,10,2,2.0,1.0,2.0,
2.0,1.0,14.5,4,2.0,1.0,1.0,
2.0,2.0,11.5,3,2.0,1.0,2.0,
2.0,3.0,16,Absent,2.0,1.0,3.0,
2.0,3.0,4,,2.0,1.0,3.0,
2.0,3.0,21,3,2.0,1.0,3.0,
3.0,3.0,6,0.5,1.0,1.0,3.0,
3.0,3.0,Absent,Absent,1.0,1.0,3.0,
3.0,3.0,59,62,1.0,1.0,3.0,
3.0,1.0,81.5,86.5,2.0,2.0,1.0,
3.0,3.0,14,Absent,1.0,1.0,3.0,
3.0,3.0,15.5,24,1.0,1.0,3.0,
3.0,3.0,25.5,16.5,1.0,1.0,3.0,
3.0,3.0,14.5,Absent,1.0,1.0,3.0,
3.0,3.0,25,33,1.0,1.0,3.0,
3.0,3.0,22.5,3,1.0,1.0,3.0,
3.0,3.0,18.5,Absent,1.0,1.0,3.0,
3.0,1.0,14.5,10.5,2.0,2.0,1.0,
3.0,2.0,61.5,33.5,3.0,3.0,2.0,
3.0,2.0,Absent,Absent,3.0,3.0,2.0,
3.0,1.0,Absent,Absent,2.0,2.0,1.0,
3.0,2.0,17,9.5,3.0,3.0,2.0,
4.0,1.0,63.5,69.5,2.0,2.0,1.0,
4.0,2.0,29.5,23,1.0,1.0,2.0,
4.0,1.0,22.5,14.5,2.0,2.0,1.0,
4.0,2.0,21,22,1.0,1.0,2.0,
4.0,3.0,30,27.5,2.0,2.0,3.0,
5.0,3.0,20.5,26,2.0,2.0,3.0,
5.0,2.0,39,Absent,1.0,1.0,2.0,
5.0,3.0,15,17.5,2.0,2.0,3.0,
5.0,3.0,7.5,14.5,2.0,2.0,3.0,
5.0,2.0,19,15,1.0,1.0,2.0,
5.0,3.0,24,24.5,2.0,2.0,3.0,
6.0,2.0,37.5,47,2.0,2.0,2.0,
7.0,3.0,12,55.27,1.0,1.0,3.0,
7.0,3.0,8,17.63,1.0,1.0,3.0,
7.0,2.0,23.5,45.83,2.0,2.0,2.0,
7.0,1.0,17.5,21,2.0,1.0,1.0,
7.0,3.0,7.5,Absent,1.0,1.0,3.0,
7.0,3.0,Absent,Absent,1.0,1.0,3.0,
7.0,1.0,36,Absent,2.0,1.0,1.0,
7.0,2.0,17.5,11,2.0,2.0,2.0,
7.0,3.0,28.5,24.57,1.0,1.0,3.0,
7.0,1.0,29.5,8.9,2.0,1.0,1.0,
7.0,3.0,18,16.03,1.0,1.0,3.0,
7.0,2.0,3,19.3,2.0,2.0,2.0,
7.0,2.0,11.5,Absent,2.0,2.0,2.0,
7.0,3.0,8,12.9,1.0,1.0,3.0,
8.0,2.0,33.57,38.4,2.0,2.0,2.0,
8.0,1.0,29.29,Absent,2.0,1.0,1.0,
8.0,1.0,40.71,48.3,2.0,1.0,1.0,
8.0,2.0,33.57,0,2.0,2.0,2.0,
8.0,3.0,29.29,31.7,1.0,1.0,3.0,
8.0,3.0,37.14,6.1,1.0,1.0,3.0,
8.0,2.0,40,46.7,2.0,2.0,2.0,
8.0,1.0,Absent,Absent,2.0,1.0,1.0,
8.0,1.0,Absent,Absent,2.0,1.0,1.0,
8.0,1.0,Absent,Absent,2.0,1.0,1.0,
9.0,1.0,58.6,39.1,2.0,2.0,1.0,
9.0,1.0,17.9,Absent,2.0,2.0,1.0,
9.0,2.0,57.1,Absent,1.0,1.0,2.0,
9.0,3.0,Absent,Absent,4.0,1.0,3.0,
9.0,1.0,7.1,Absent,2.0,2.0,1.0,
9.0,3.0,22.9,20,4.0,1.0,3.0,
9.0,1.0,54.7,29.1,2.0,2.0,1.0,
9.0,1.0,37.9,26.5,2.0,2.0,1.0,
9.0,1.0,47.9,40.3,2.0,2.0,1.0,
9.0,2.0,34.7,42,1.0,1.0,2.0,
9.0,3.0,86.4,81.4,4.0,1.0,3.0,
